issue,number,trial
2002001,073,
2002002,237,
2002003,071,
2002004,204,
2002005,374,
2002006,128,
2002007,849,
2002008,852,
2002009,155,
2002010,795,
2002011,217,
2002012,482,
2002013,986,
2002014,232,
2002015,871,
2002016,171,
2002017,102,
2002018,178,
2002019,446,
2002020,737,
2002021,859,
2002022,947,
2002023,681,
2002024,197,
2002025,513,
2002026,780,
2002027,248,
2002028,810,
2002029,953,
2002030,525,
2002031,511,
2002032,133,
2002033,964,
2002034,734,
2002035,912,
2002036,334,
2002037,706,
2002038,516,
2002039,622,
2002040,305,
2002041,436,
2002042,116,
2002043,190,
2002044,082,
2002045,098,
2002046,646,
2002047,118,
2002048,409,
2002049,830,
2002050,352,
2002051,476,
2002052,565,
2002053,352,
2002054,457,
2002055,037,
2002056,733,
2002057,763,
2002058,800,
2002059,818,
2002060,692,
2002061,878,
2002062,341,
2002063,408,
2002064,779,
2002065,852,
2002066,121,
2002067,657,
2002068,482,
2002069,874,
2002070,933,
2002071,830,
2002072,222,
2002073,708,
2002074,319,
2002075,276,
2002076,867,
2002077,239,
2002078,273,
2002079,132,
2002080,443,
2002081,556,
2002082,460,
2002083,315,
2002084,083,
2002085,106,
2002086,299,
2002087,283,
2002088,775,
2002089,956,
2002090,553,
2002091,360,
2002092,435,
2002093,218,
2002094,283,
2002095,786,
2002096,427,
2002097,155,
2002098,159,
2002099,913,
2002100,635,
2002101,224,
2002102,012,
2002103,088,
2002104,818,
2002105,933,
2002106,287,
2002107,314,
2002108,584,
2002109,625,
2002110,344,
2002111,091,
2002112,990,
2002113,211,
2002114,493,
2002115,032,
2002116,888,
2002117,842,
2002118,448,
2002119,075,
2002120,770,
2002121,381,
2002122,494,
2002123,265,
2002124,042,
2002125,533,
2002126,005,
2002127,424,
2002128,813,
2002129,727,
2002130,328,
2002131,387,
2002132,773,
2002133,574,
2002134,841,
2002135,078,
2002136,206,
2002137,860,
2002138,493,
2002139,184,
2002140,651,
2002141,461,
2002142,247,
2002143,357,
2002144,323,
2002145,213,
2002146,208,
2002147,683,
2002148,793,
2002149,094,
2002150,490,
2002151,396,
2002152,992,
2002153,909,
2002154,835,
2002155,557,
2002156,189,
2002157,599,
2002158,754,
2002159,116,
2002160,322,
2002161,840,
2002162,180,
2002163,809,
2002164,341,
2002165,322,
2002166,413,
2002167,543,
2002168,620,
2002169,405,
2002170,156,
2002171,233,
2002172,827,
2002173,392,
2002174,351,
2002175,139,
2002176,519,
2002177,242,
2002178,345,
2002179,861,
2002180,551,
2002181,983,
2002182,092,
2002183,674,
2002184,605,
2002185,223,
2002186,396,
2002187,966,
2002188,630,
2002189,140,
2002190,171,
2002191,893,
2002192,068,
2002193,075,
2002194,318,
2002195,657,
2002196,428,
2002197,905,
2002198,656,
2002199,920,
2002200,076,
2002201,581,
2002202,588,
2002203,387,
2002204,179,
2002205,625,
2002206,297,
2002207,632,
2002208,474,
2002209,984,
2002210,086,
2002211,071,
2002212,565,
2002213,460,
2002214,546,
2002215,853,
2002216,596,
2002217,791,
2002218,564,
2002219,112,
2002220,302,
2002221,876,
2002222,341,
2002223,790,
2002224,377,
2002225,903,
2002226,684,
2002227,549,
2002228,576,
2002229,477,
2002230,611,
2002231,253,
2002232,040,
2002233,171,
2002234,452,
2002235,163,
2002236,418,
2002237,662,
2002238,817,
2002239,602,
2002240,711,
2002241,752,
2002242,520,
2002243,073,
2002244,064,
2002245,468,
2002246,884,
2002247,265,
2002248,251,
2002249,000,
2002250,271,
2002251,082,
2002252,991,
2002253,200,
2002254,444,
2002255,687,
2002256,624,
2002257,395,
2002258,099,
2002259,981,
2002260,143,
2002261,227,
2002262,714,
2002263,857,
2002264,876,
2002265,912,
2002266,805,
2002267,754,
2002268,975,
2002269,511,
2002270,791,
2002271,090,
2002272,768,
2002273,301,
2002274,556,
2002275,705,
2002276,787,
2002277,743,
2002278,321,
2002279,776,
2002280,300,
2002281,843,
2002282,530,
2002283,854,
2002284,886,
2002285,761,
2002286,347,
2002287,102,
2002288,360,
2002289,781,
2002290,047,
2002291,045,
2002292,823,
2002293,930,
2002294,080,
2002295,967,
2002296,730,
2002297,643,
2002298,191,
2002299,368,
2002300,728,
2002301,826,
2002302,840,
2002303,585,
2002304,976,
2002305,766,
2002306,473,
2002307,355,
2002308,235,
2002309,619,
2002310,258,
2002311,815,
2002312,882,
2002313,508,
2002314,764,
2002315,852,
2002316,882,
2002317,167,
2002318,228,
2002319,115,
2002320,013,
2002321,389,
2002322,747,
2002323,172,
2002324,389,
2002325,553,
2002326,963,
2002327,804,
2002328,750,
2002329,980,
2002330,542,
2002331,493,
2002332,306,
2002333,845,
2002334,455,
2002335,168,
2002336,226,
2002337,953,
2002338,526,
2002339,472,
2002340,610,
2002341,441,
2002342,632,
2002343,639,
2002344,070,
2002345,187,
2002346,031,
2002347,942,
2002348,270,
2002349,985,
2002350,261,
2002351,598,
2002352,159,
2002353,008,
2002354,807,
2002355,615,
2002356,596,
2002357,938,
2002358,628,
2003001,040,
2003002,038,
2003003,053,
2003004,475,
2003005,090,
2003006,143,
2003007,396,
2003008,668,
2003009,908,
2003010,171,
2003011,989,
2003012,518,
2003013,079,
2003014,832,
2003015,196,
2003016,054,
2003017,161,
2003018,838,
2003019,566,
2003020,387,
2003021,031,
2003022,391,
2003023,441,
2003024,838,
2003025,415,
2003026,339,
2003027,378,
2003028,593,
2003029,022,
2003030,629,
2003031,008,
2003032,898,
2003033,291,
2003034,668,
2003035,235,
2003036,791,
2003037,814,
2003038,011,
2003039,842,
2003040,339,
2003041,269,
2003042,993,
2003043,259,
2003044,564,
2003045,924,
2003046,463,
2003047,814,
2003048,833,
2003049,135,
2003050,416,
2003051,314,
2003052,014,
2003053,580,
2003054,897,
2003055,795,
2003056,727,
2003057,706,
2003058,658,
2003059,363,
2003060,866,
2003061,901,
2003062,699,
2003063,949,
2003064,721,
2003065,724,
2003066,650,
2003067,720,
2003068,211,
2003069,279,
2003070,466,
2003071,836,
2003072,211,
2003073,862,
2003074,725,
2003075,174,
2003076,238,
2003077,915,
2003078,016,
2003079,207,
2003080,774,
2003081,389,
2003082,732,
2003083,238,
2003084,763,
2003085,519,
2003086,812,
2003087,550,
2003088,168,
2003089,516,
2003090,822,
2003091,557,
2003092,348,
2003093,536,
2003094,890,
2003095,496,
2003096,860,
2003097,709,
2003098,997,
2003099,547,
2003100,306,
2003101,165,
2003102,804,
2003103,340,
2003104,526,
2003105,236,
2003106,785,
2003107,518,
2003108,975,
2003109,678,
2003110,884,
2003111,803,
2003112,286,
2003113,865,
2003114,705,
2003115,705,
2003116,758,
2003117,378,
2003118,891,
2003119,106,
2003120,891,
2003121,825,
2003122,096,
2003123,861,
2003124,674,
2003125,667,
2003126,393,
2003127,994,
2003128,413,
2003129,735,
2003130,202,
2003131,753,
2003132,828,
2003133,909,
2003134,324,
2003135,779,
2003136,976,
2003137,768,
2003138,537,
2003139,661,
2003140,915,
2003141,780,
2003142,514,
2003143,826,
2003144,445,
2003145,465,
2003146,464,
2003147,870,
2003148,491,
2003149,182,
2003150,760,
2003151,125,
2003152,297,
2003153,468,
2003154,756,
2003155,882,
2003156,757,
2003157,217,
2003158,735,
2003159,551,
2003160,319,
2003161,001,
2003162,794,
2003163,738,
2003164,104,
2003165,836,
2003166,289,
2003167,323,
2003168,127,
2003169,974,
2003170,648,
2003171,628,
2003172,015,
2003173,146,
2003174,435,
2003175,526,
2003176,951,
2003177,214,
2003178,564,
2003179,856,
2003180,077,
2003181,419,
2003182,938,
2003183,201,
2003184,156,
2003185,358,
2003186,785,
2003187,291,
2003188,355,
2003189,716,
2003190,619,
2003191,802,
2003192,720,
2003193,869,
2003194,243,
2003195,595,
2003196,591,
2003197,709,
2003198,340,
2003199,266,
2003200,335,
2003201,794,
2003202,810,
2003203,306,
2003204,982,
2003205,479,
2003206,390,
2003207,661,
2003208,644,
2003209,479,
2003210,580,
2003211,645,
2003212,857,
2003213,041,
2003214,597,
2003215,664,
2003216,975,
2003217,195,
2003218,346,
2003219,159,
2003220,425,
2003221,155,
2003222,386,
2003223,595,
2003224,537,
2003225,058,
2003226,928,
2003227,359,
2003228,205,
2003229,360,
2003230,670,
2003231,103,
2003232,114,
2003233,381,
2003234,140,
2003235,598,
2003236,884,
2003237,391,
2003238,931,
2003239,396,
2003240,200,
2003241,878,
2003242,546,
2003243,633,
2003244,048,
2003245,415,
2003246,414,
2003247,575,
2003248,593,
2003249,975,
2003250,740,
2003251,002,
2003252,417,
2003253,555,
2003254,515,
2003255,131,
2003256,304,
2003257,269,
2003258,506,
2003259,150,
2003260,534,
2003261,657,
2003262,871,
2003263,943,
2003264,613,
2003265,175,
2003266,225,
2003267,195,
2003268,364,
2003269,897,
2003270,298,
2003271,401,
2003272,059,
2003273,432,
2003274,611,
2003275,700,
2003276,399,
2003277,650,
2003278,366,
2003279,611,
2003280,224,
2003281,131,
2003282,589,
2003283,482,
2003284,305,
2003285,577,
2003286,526,
2003287,283,
2003288,690,
2003289,668,
2003290,673,
2003291,735,
2003292,874,
2003293,218,
2003294,244,
2003295,245,
2003296,728,
2003297,090,
2003298,062,
2003299,881,
2003300,868,
2003301,323,
2003302,162,
2003303,837,
2003304,428,
2003305,311,
2003306,038,
2003307,132,
2003308,144,
2003309,000,
2003310,090,
2003311,615,
2003312,392,
2003313,932,
2003314,884,
2003315,743,
2003316,981,
2003317,201,
2003318,023,
2003319,354,
2003320,998,
2003321,288,
2003322,545,
2003323,778,
2003324,060,
2003325,108,
2003326,821,
2003327,992,
2003328,053,
2003329,453,
2003330,548,
2003331,679,
2003332,895,
2003333,196,
2003334,563,
2003335,443,
2003336,515,
2003337,744,
2003338,021,
2003339,358,
2003340,276,
2003341,094,
2003342,197,
2003343,546,
2003344,404,
2003345,100,
2003346,154,
2003347,645,
2003348,035,
2003349,903,
2003350,301,
2003351,050,
2003352,389,
2003353,295,
2003354,689,
2003355,327,
2003356,185,
2003357,671,
2003358,643,
2003359,401,
2004001,101,
2004002,021,
2004003,670,
2004004,279,
2004005,392,
2004006,837,
2004007,132,
2004008,552,
2004009,087,
2004010,776,
2004011,212,
2004012,581,
2004013,738,
2004014,021,
2004015,135,
2004016,579,
2004017,640,
2004018,734,
2004019,761,
2004020,802,
2004021,084,
2004022,665,
2004023,642,
2004024,584,
2004025,985,
2004026,426,
2004027,541,
2004028,435,
2004029,974,
2004030,350,
2004031,689,
2004032,991,
2004033,028,
2004034,219,
2004035,067,
2004036,435,
2004037,792,
2004038,437,
2004039,072,
2004040,153,
2004041,831,
2004042,966,
2004043,740,
2004044,325,
2004045,173,
2004046,157,
2004047,213,
2004048,646,
2004049,999,
2004050,856,
2004051,302,
2004052,110,
2004053,834,
2004054,848,
2004055,162,
2004056,744,
2004057,209,
2004058,434,
2004059,839,
2004060,532,
2004061,459,
2004062,041,
2004063,723,
2004064,829,
2004065,608,
2004066,366,
2004067,414,
2004068,012,
2004069,492,
2004070,605,
2004071,570,
2004072,323,
2004073,608,
2004074,327,
2004075,682,
2004076,905,
2004077,936,
2004078,860,
2004079,879,
2004080,093,
2004081,984,
2004082,165,
2004083,044,
2004084,170,
2004085,269,
2004086,737,
2004087,163,
2004088,217,
2004089,191,
2004090,263,
2004091,018,
2004092,033,
2004093,733,
2004094,217,
2004095,819,
2004096,964,
2004097,375,
2004098,554,
2004099,920,
2004100,699,
2004101,499,
2004102,125,
2004103,223,
2004104,069,
2004105,310,
2004106,619,
2004107,251,
2004108,033,
2004109,550,
2004110,628,
2004111,631,
2004112,105,
2004113,131,
2004114,599,
2004115,698,
2004116,338,
2004117,048,
2004118,829,
2004119,173,
2004120,982,
2004121,393,
2004122,313,
2004123,950,
2004124,579,
2004125,494,
2004126,062,
2004127,753,
2004128,105,
2004129,275,
2004130,185,
2004131,971,
2004132,665,
2004133,302,
2004134,543,
2004135,992,
2004136,327,
2004137,573,
2004138,723,
2004139,562,
2004140,116,
2004141,360,
2004142,626,
2004143,919,
2004144,484,
2004145,445,
2004146,846,
2004147,161,
2004148,916,
2004149,743,
2004150,768,
2004151,289,
2004152,833,
2004153,850,
2004154,313,
2004155,772,
2004156,286,
2004157,661,
2004158,529,
2004159,064,
2004160,185,
2004161,834,
2004162,799,
2004163,509,
2004164,248,
2004165,938,
2004166,644,
2004167,215,
2004168,895,
2004169,262,
2004170,787,
2004171,986,
2004172,549,
2004173,282,
2004174,666,
2004175,816,
2004176,488,
2004177,845,
2004178,529,
2004179,691,
2004180,743,
2004181,876,
2004182,190,
2004183,831,
2004184,654,
2004185,134,
2004186,549,
2004187,039,
2004188,626,
2004189,959,
2004190,276,
2004191,004,
2004192,834,
2004193,668,
2004194,988,
2004195,452,
2004196,713,
2004197,633,
2004198,589,
2004199,314,
2004200,169,
2004201,884,
2004202,736,
2004203,707,
2004204,014,
2004205,662,
2004206,567,
2004207,159,
2004208,599,
2004209,149,
2004210,709,
2004211,628,
2004212,902,
2004213,455,
2004214,978,
2004215,905,
2004216,914,
2004217,459,
2004218,924,
2004219,400,
2004220,805,
2004221,026,
2004222,767,
2004223,052,
2004224,795,
2004225,651,
2004226,531,
2004227,963,
2004228,171,
2004229,160,
2004230,999,
2004231,467,
2004232,847,
2004233,093,
2004234,686,
2004235,242,
2004236,751,
2004237,771,
2004238,495,
2004239,515,
2004240,755,
2004241,075,
2004242,250,
2004243,280,
2004244,375,
2004245,567,
2004246,642,
2004247,115,
2004248,383,
2004249,346,
2004250,416,
2004251,070,
2004252,974,
2004253,059,
2004254,918,
2004255,025,
2004256,464,
2004257,141,
2004258,894,
2004259,102,
2004260,277,
2004261,537,
2004262,620,
2004263,967,
2004264,964,
2004265,861,
2004266,594,
2004267,338,
2004268,051,
2004269,593,
2004270,141,
2004271,273,
2004272,399,
2004273,788,
2004274,805,
2004275,079,
2004276,085,
2004277,957,
2004278,880,
2004279,460,
2004280,283,
2004281,006,
2004282,789,
2004283,851,
2004284,690,
2004285,070,
2004286,557,
2004287,986,
2004288,791,
2004289,941,
2004290,611,
2004291,144,
2004292,471,
2004293,505,
2004294,828,
2004295,607,
2004296,878,
2004297,477,
2004298,476,
2004299,439,
2004300,679,
2004301,688,
2004302,177,
2004303,264,
2004304,597,
2004305,270,
2004306,086,
2004307,936,
2004308,287,
2004309,152,
2004310,247,
2004311,798,
2004312,801,
2004313,485,
2004314,205,
2004315,800,
2004316,151,
2004317,992,
2004318,253,
2004319,911,
2004320,424,
2004321,828,
2004322,631,
2004323,339,
2004324,836,
2004325,935,
2004326,303,
2004327,227,
2004328,092,
2004329,927,
2004330,821,
2004331,731,
2004332,284,
2004333,798,
2004334,933,
2004335,066,
2004336,167,
2004337,487,
2004338,008,
2004339,378,
2004340,409,
2004341,774,
2004342,722,
2004343,229,
2004344,369,
2004345,651,
2004346,649,
2004347,357,
2004348,263,
2004349,472,
2004350,787,
2004351,419,
2004352,187,
2004353,519,
2004354,619,
2004355,107,
2004356,397,
2004357,229,
2004358,605,
2004359,321,
2005001,019,
2005002,043,
2005003,928,
2005004,052,
2005005,568,
2005006,864,
2005007,319,
2005008,003,
2005009,707,
2005010,658,
2005011,740,
2005012,854,
2005013,850,
2005014,053,
2005015,438,
2005016,107,
2005017,802,
2005018,715,
2005019,803,
2005020,766,
2005021,075,
2005022,313,
2005023,405,
2005024,271,
2005025,985,
2005026,339,
2005027,925,
2005028,389,
2005029,717,
2005030,827,
2005031,699,
2005032,853,
2005033,881,
2005034,151,
2005035,599,
2005036,275,
2005037,074,
2005038,631,
2005039,086,
2005040,723,
2005041,700,
2005042,466,
2005043,942,
2005044,934,
2005045,028,
2005046,488,
2005047,710,
2005048,005,
2005049,784,
2005050,272,
2005051,830,
2005052,493,
2005053,142,
2005054,307,
2005055,058,
2005056,257,
2005057,081,
2005058,195,
2005059,542,
2005060,717,
2005061,245,
2005062,311,
2005063,959,
2005064,600,
2005065,467,
2005066,787,
2005067,875,
2005068,958,
2005069,169,
2005070,854,
2005071,555,
2005072,595,
2005073,458,
2005074,058,
2005075,144,
2005076,053,
2005077,944,
2005078,969,
2005079,295,
2005080,553,
2005081,808,
2005082,212,
2005083,666,
2005084,880,
2005085,416,
2005086,228,
2005087,157,
2005088,571,
2005089,885,
2005090,217,
2005091,115,
2005092,816,
2005093,660,
2005094,171,
2005095,022,
2005096,606,
2005097,665,
2005098,063,
2005099,422,
2005100,549,
2005101,307,
2005102,671,
2005103,045,
2005104,869,
2005105,240,
2005106,669,
2005107,609,
2005108,203,
2005109,630,
2005110,851,
2005111,079,
2005112,529,
2005113,380,
2005114,367,
2005115,880,
2005116,830,
2005117,130,
2005118,916,
2005119,102,
2005120,502,
2005121,053,
2005122,275,
2005123,034,
2005124,333,
2005125,005,
2005126,594,
2005127,482,
2005128,596,
2005129,573,
2005130,131,
2005131,796,
2005132,180,
2005133,964,
2005134,899,
2005135,936,
2005136,489,
2005137,052,
2005138,167,
2005139,667,
2005140,572,
2005141,663,
2005142,306,
2005143,105,
2005144,494,
2005145,943,
2005146,477,
2005147,965,
2005148,168,
2005149,774,
2005150,950,
2005151,312,
2005152,949,
2005153,369,
2005154,319,
2005155,749,
2005156,430,
2005157,590,
2005158,060,
2005159,996,
2005160,791,
2005161,488,
2005162,516,
2005163,586,
2005164,361,
2005165,249,
2005166,775,
2005167,300,
2005168,664,
2005169,238,
2005170,214,
2005171,558,
2005172,370,
2005173,791,
2005174,609,
2005175,813,
2005176,517,
2005177,251,
2005178,075,
2005179,123,
2005180,268,
2005181,073,
2005182,433,
2005183,153,
2005184,918,
2005185,810,
2005186,756,
2005187,332,
2005188,818,
2005189,927,
2005190,322,
2005191,798,
2005192,353,
2005193,710,
2005194,842,
2005195,830,
2005196,654,
2005197,734,
2005198,328,
2005199,214,
2005200,667,
2005201,380,
2005202,612,
2005203,877,
2005204,073,
2005205,164,
2005206,859,
2005207,129,
2005208,598,
2005209,166,
2005210,074,
2005211,404,
2005212,994,
2005213,424,
2005214,961,
2005215,002,
2005216,951,
2005217,964,
2005218,892,
2005219,013,
2005220,158,
2005221,989,
2005222,788,
2005223,807,
2005224,794,
2005225,260,
2005226,603,
2005227,455,
2005228,209,
2005229,139,
2005230,483,
2005231,630,
2005232,175,
2005233,933,
2005234,890,
2005235,134,
2005236,495,
2005237,767,
2005238,018,
2005239,901,
2005240,871,
2005241,126,
2005242,592,
2005243,103,
2005244,331,
2005245,977,
2005246,519,
2005247,574,
2005248,900,
2005249,692,
2005250,434,
2005251,506,
2005252,557,
2005253,163,
2005254,425,
2005255,041,
2005256,751,
2005257,285,
2005258,894,
2005259,348,
2005260,158,
2005261,542,
2005262,203,
2005263,617,
2005264,393,
2005265,336,
2005266,952,
2005267,316,
2005268,927,
2005269,940,
2005270,396,
2005271,528,
2005272,290,
2005273,209,
2005274,262,
2005275,925,
2005276,783,
2005277,059,
2005278,149,
2005279,714,
2005280,041,
2005281,762,
2005282,271,
2005283,214,
2005284,220,
2005285,478,
2005286,516,
2005287,335,
2005288,185,
2005289,028,
2005290,823,
2005291,227,
2005292,428,
2005293,455,
2005294,833,
2005295,914,
2005296,531,
2005297,753,
2005298,713,
2005299,138,
2005300,895,
2005301,650,
2005302,456,
2005303,540,
2005304,332,
2005305,806,
2005306,550,
2005307,598,
2005308,868,
2005309,699,
2005310,288,
2005311,809,
2005312,313,
2005313,789,
2005314,705,
2005315,198,
2005316,272,
2005317,851,
2005318,793,
2005319,369,
2005320,922,
2005321,024,
2005322,583,
2005323,162,
2005324,139,
2005325,212,
2005326,874,
2005327,097,
2005328,009,
2005329,900,
2005330,905,
2005331,176,
2005332,208,
2005333,540,
2005334,827,
2005335,218,
2005336,248,
2005337,539,
2005338,493,
2005339,437,
2005340,998,
2005341,467,
2005342,864,
2005343,895,
2005344,381,
2005345,924,
2005346,139,
2005347,272,
2005348,038,
2005349,014,
2005350,969,
2005351,173,
2005352,540,
2005353,536,
2005354,726,
2005355,468,
2005356,681,
2005357,429,
2005358,842,
2006001,160,
2006002,110,
2006003,229,
2006004,614,
2006005,877,
2006006,713,
2006007,746,
2006008,179,
2006009,349,
2006010,624,
2006011,634,
2006012,098,
2006013,848,
2006014,400,
2006015,800,
2006016,481,
2006017,878,
2006018,884,
2006019,497,
2006020,661,
2006021,051,
2006022,900,
2006023,515,
2006024,686,
2006025,141,
2006026,497,
2006027,460,
2006028,028,
2006029,403,
2006030,964,
2006031,409,
2006032,930,
2006033,667,
2006034,314,
2006035,848,
2006036,891,
2006037,697,
2006038,715,
2006039,446,
2006040,463,
2006041,594,
2006042,710,
2006043,116,
2006044,069,
2006045,846,
2006046,021,
2006047,469,
2006048,138,
2006049,566,
2006050,153,
2006051,225,
2006052,771,
2006053,306,
2006054,835,
2006055,576,
2006056,777,
2006057,666,
2006058,128,
2006059,052,
2006060,985,
2006061,309,
2006062,708,
2006063,817,
2006064,936,
2006065,542,
2006066,277,
2006067,305,
2006068,490,
2006069,396,
2006070,929,
2006071,130,
2006072,419,
2006073,731,
2006074,306,
2006075,274,
2006076,401,
2006077,715,
2006078,321,
2006079,403,
2006080,802,
2006081,976,
2006082,967,
2006083,761,
2006084,737,
2006085,294,
2006086,756,
2006087,160,
2006088,960,
2006089,910,
2006090,467,
2006091,101,
2006092,175,
2006093,605,
2006094,304,
2006095,237,
2006096,149,
2006097,823,
2006098,203,
2006099,596,
2006100,661,
2006101,708,
2006102,040,
2006103,455,
2006104,923,
2006105,883,
2006106,478,
2006107,086,
2006108,008,
2006109,860,
2006110,724,
2006111,594,
2006112,440,
2006113,086,
2006114,913,
2006115,442,
2006116,052,
2006117,332,
2006118,355,
2006119,454,
2006120,166,
2006121,217,
2006122,940,
2006123,084,
2006124,812,
2006125,711,
2006126,133,
2006127,931,
2006128,858,
2006129,880,
2006130,036,
2006131,999,
2006132,714,
2006133,015,
2006134,292,
2006135,171,
2006136,141,
2006137,351,
2006138,128,
2006139,462,
2006140,363,
2006141,688,
2006142,435,
2006143,582,
2006144,626,
2006145,384,
2006146,364,
2006147,195,
2006148,654,
2006149,286,
2006150,848,
2006151,209,
2006152,377,
2006153,014,
2006154,960,
2006155,031,
2006156,134,
2006157,892,
2006158,275,
2006159,072,
2006160,803,
2006161,075,
2006162,348,
2006163,368,
2006164,132,
2006165,127,
2006166,426,
2006167,095,
2006168,519,
2006169,690,
2006170,407,
2006171,114,
2006172,050,
2006173,900,
2006174,357,
2006175,083,
2006176,361,
2006177,867,
2006178,577,
2006179,692,
2006180,207,
2006181,708,
2006182,949,
2006183,553,
2006184,608,
2006185,596,
2006186,215,
2006187,410,
2006188,363,
2006189,404,
2006190,453,
2006191,589,
2006192,211,
2006193,751,
2006194,510,
2006195,995,
2006196,328,
2006197,870,
2006198,001,
2006199,241,
2006200,673,
2006201,982,
2006202,842,
2006203,539,
2006204,820,
2006205,601,
2006206,557,
2006207,377,
2006208,138,
2006209,450,
2006210,085,
2006211,330,
2006212,683,
2006213,126,
2006214,666,
2006215,663,
2006216,334,
2006217,795,
2006218,440,
2006219,790,
2006220,253,
2006221,479,
2006222,718,
2006223,748,
2006224,039,
2006225,340,
2006226,685,
2006227,850,
2006228,559,
2006229,772,
2006230,279,
2006231,645,
2006232,727,
2006233,994,
2006234,666,
2006235,315,
2006236,251,
2006237,683,
2006238,165,
2006239,874,
2006240,072,
2006241,321,
2006242,433,
2006243,435,
2006244,076,
2006245,568,
2006246,410,
2006247,523,
2006248,998,
2006249,448,
2006250,411,
2006251,474,
2006252,068,
2006253,310,
2006254,023,
2006255,501,
2006256,266,
2006257,184,
2006258,158,
2006259,110,
2006260,241,
2006261,473,
2006262,457,
2006263,541,
2006264,520,
2006265,143,
2006266,973,
2006267,691,
2006268,440,
2006269,537,
2006270,083,
2006271,492,
2006272,857,
2006273,849,
2006274,426,
2006275,576,
2006276,935,
2006277,992,
2006278,793,
2006279,146,
2006280,050,
2006281,981,
2006282,043,
2006283,131,
2006284,160,
2006285,342,
2006286,921,
2006287,791,
2006288,316,
2006289,244,
2006290,918,
2006291,671,
2006292,566,
2006293,452,
2006294,152,
2006295,219,
2006296,519,
2006297,308,
2006298,363,
2006299,736,
2006300,846,
2006301,865,
2006302,237,
2006303,677,
2006304,517,
2006305,041,
2006306,417,
2006307,640,
2006308,175,
2006309,807,
2006310,958,
2006311,242,
2006312,689,
2006313,300,
2006314,783,
2006315,064,
2006316,851,
2006317,300,
2006318,503,
2006319,164,
2006320,904,
2006321,641,
2006322,959,
2006323,019,
2006324,147,
2006325,039,
2006326,189,
2006327,683,
2006328,960,
2006329,863,
2006330,455,
2006331,140,
2006332,365,
2006333,173,
2006334,182,
2006335,977,
2006336,460,
2006337,900,
2006338,447,
2006339,638,
2006340,790,
2006341,047,
2006342,695,
2006343,539,
2006344,948,
2006345,676,
2006346,760,
2006347,569,
2006348,644,
2006349,415,
2006350,802,
2006351,509,
2006352,939,
2006353,503,
2006354,283,
2006355,827,
2006356,623,
2006357,015,
2007001,019,
2007002,484,
2007003,733,
2007004,313,
2007005,736,
2007006,255,
2007007,459,
2007008,558,
2007009,504,
2007010,735,
2007011,193,
2007012,035,
2007013,550,
2007014,814,
2007015,916,
2007016,441,
2007017,956,
2007018,529,
2007019,652,
2007020,481,
2007021,577,
2007022,305,
2007023,581,
2007024,296,
2007025,392,
2007026,344,
2007027,790,
2007028,748,
2007029,575,
2007030,747,
2007031,975,
2007032,551,
2007033,928,
2007034,414,
2007035,409,
2007036,485,
2007037,570,
2007038,195,
2007039,712,
2007040,212,
2007041,359,
2007042,393,
2007043,321,
2007044,522,
2007045,400,
2007046,208,
2007047,304,
2007048,418,
2007049,363,
2007050,951,
2007051,892,
2007052,899,
2007053,078,
2007054,204,
2007055,656,
2007056,403,
2007057,668,
2007058,295,
2007059,029,
2007060,987,
2007061,144,
2007062,775,
2007063,326,
2007064,617,
2007065,500,
2007066,889,
2007067,016,
2007068,691,
2007069,683,
2007070,163,
2007071,394,
2007072,914,
2007073,977,
2007074,745,
2007075,071,
2007076,399,
2007077,623,
2007078,666,
2007079,710,
2007080,379,
2007081,827,
2007082,942,
2007083,180,
2007084,811,
2007085,687,
2007086,574,
2007087,905,
2007088,258,
2007089,589,
2007090,071,
2007091,779,
2007092,958,
2007093,368,
2007094,415,
2007095,074,
2007096,845,
2007097,755,
2007098,006,
2007099,304,
2007100,488,
2007101,418,
2007102,245,
2007103,671,
2007104,130,
2007105,177,
2007106,642,
2007107,529,
2007108,653,
2007109,602,
2007110,630,
2007111,296,
2007112,579,
2007113,324,
2007114,810,
2007115,717,
2007116,144,
2007117,209,
2007118,400,
2007119,225,
2007120,735,
2007121,831,
2007122,904,
2007123,790,
2007124,518,
2007125,045,
2007126,425,
2007127,066,
2007128,746,
2007129,952,
2007130,468,
2007131,342,
2007132,724,
2007133,218,
2007134,152,
2007135,762,
2007136,257,
2007137,400,
2007138,190,
2007139,291,
2007140,655,
2007141,731,
2007142,470,
2007143,759,
2007144,391,
2007145,119,
2007146,951,
2007147,336,
2007148,806,
2007149,009,
2007150,505,
2007151,885,
2007152,948,
2007153,321,
2007154,775,
2007155,481,
2007156,859,
2007157,602,
2007158,636,
2007159,012,
2007160,225,
2007161,443,
2007162,407,
2007163,094,
2007164,179,
2007165,073,
2007166,581,
2007167,085,
2007168,539,
2007169,404,
2007170,669,
2007171,772,
2007172,503,
2007173,734,
2007174,212,
2007175,942,
2007176,811,
2007177,848,
2007178,989,
2007179,269,
2007180,701,
2007181,417,
2007182,518,
2007183,480,
2007184,998,
2007185,662,
2007186,208,
2007187,451,
2007188,774,
2007189,505,
2007190,488,
2007191,603,
2007192,014,
2007193,818,
2007194,154,
2007195,537,
2007196,030,
2007197,024,
2007198,942,
2007199,289,
2007200,818,
2007201,284,
2007202,274,
2007203,384,
2007204,033,
2007205,153,
2007206,511,
2007207,828,
2007208,746,
2007209,607,
2007210,476,
2007211,755,
2007212,319,
2007213,138,
2007214,513,
2007215,644,
2007216,492,
2007217,037,
2007218,590,
2007219,862,
2007220,263,
2007221,611,
2007222,801,
2007223,687,
2007224,830,
2007225,592,
2007226,585,
2007227,420,
2007228,141,
2007229,584,
2007230,021,
2007231,482,
2007232,739,
2007233,855,
2007234,302,
2007235,358,
2007236,552,
2007237,047,
2007238,193,
2007239,323,
2007240,675,
2007241,398,
2007242,117,
2007243,492,
2007244,095,
2007245,062,
2007246,884,
2007247,393,
2007248,119,
2007249,360,
2007250,706,
2007251,941,
2007252,882,
2007253,573,
2007254,981,
2007255,692,
2007256,952,
2007257,373,
2007258,173,
2007259,649,
2007260,268,
2007261,235,
2007262,062,
2007263,217,
2007264,696,
2007265,432,
2007266,547,
2007267,838,
2007268,493,
2007269,825,
2007270,781,
2007271,453,
2007272,466,
2007273,052,
2007274,817,
2007275,866,
2007276,669,
2007277,814,
2007278,615,
2007279,498,
2007280,891,
2007281,728,
2007282,631,
2007283,417,
2007284,473,
2007285,301,
2007286,188,
2007287,356,
2007288,573,
2007289,861,
2007290,736,
2007291,661,
2007292,732,
2007293,321,
2007294,605,
2007295,666,
2007296,519,
2007297,947,
2007298,545,
2007299,664,
2007300,908,
2007301,364,
2007302,110,
2007303,700,
2007304,338,
2007305,511,
2007306,507,
2007307,749,
2007308,627,
2007309,334,
2007310,960,
2007311,013,
2007312,784,
2007313,196,
2007314,343,
2007315,816,
2007316,430,
2007317,214,
2007318,125,
2007319,051,
2007320,924,
2007321,494,
2007322,349,
2007323,331,
2007324,112,
2007325,674,
2007326,558,
2007327,423,
2007328,545,
2007329,732,
2007330,124,
2007331,535,
2007332,913,
2007333,284,
2007334,119,
2007335,747,
2007336,785,
2007337,399,
2007338,856,
2007339,450,
2007340,105,
2007341,667,
2007342,606,
2007343,852,
2007344,675,
2007345,476,
2007346,793,
2007347,279,
2007348,992,
2007349,522,
2007350,889,
2007351,558,
2007352,798,
2007353,377,
2007354,239,
2007355,129,
2007356,831,
2007357,495,
2008001,346,
2008002,790,
2008003,353,
2008004,094,
2008005,517,
2008006,020,
2008007,302,
2008008,149,
2008009,030,
2008010,765,
2008011,380,
2008012,153,
2008013,369,
2008014,616,
2008015,448,
2008016,954,
2008017,950,
2008018,793,
2008019,573,
2008020,745,
2008021,999,
2008022,254,
2008023,112,
2008024,016,
2008025,960,
2008026,088,
2008027,825,
2008028,674,
2008029,562,
2008030,984,
2008031,136,
2008032,183,
2008033,505,
2008034,807,
2008035,570,
2008036,320,
2008037,149,
2008038,312,
2008039,372,
2008040,898,
2008041,125,
2008042,266,
2008043,320,
2008044,149,
2008045,930,
2008046,179,
2008047,230,
2008048,308,
2008049,403,
2008050,428,
2008051,363,
2008052,690,
2008053,156,
2008054,132,
2008055,828,
2008056,830,
2008057,172,
2008058,802,
2008059,793,
2008060,570,
2008061,543,
2008062,933,
2008063,544,
2008064,898,
2008065,738,
2008066,857,
2008067,662,
2008068,249,
2008069,437,
2008070,612,
2008071,303,
2008072,268,
2008073,816,
2008074,400,
2008075,706,
2008076,457,
2008077,475,
2008078,014,
2008079,022,
2008080,357,
2008081,026,
2008082,659,
2008083,669,
2008084,979,
2008085,081,
2008086,407,
2008087,409,
2008088,322,
2008089,042,
2008090,159,
2008091,160,
2008092,418,
2008093,148,
2008094,144,
2008095,979,
2008096,382,
2008097,836,
2008098,040,
2008099,154,
2008100,626,
2008101,934,
2008102,945,
2008103,000,
2008104,300,
2008105,492,
2008106,653,
2008107,624,
2008108,199,
2008109,918,
2008110,464,
2008111,469,
2008112,154,
2008113,102,
2008114,274,
2008115,327,
2008116,560,
2008117,032,
2008118,442,
2008119,408,
2008120,487,
2008121,904,
2008122,197,
2008123,545,
2008124,781,
2008125,422,
2008126,610,
2008127,560,
2008128,385,
2008129,931,
2008130,466,
2008131,817,
2008132,228,
2008133,082,
2008134,721,
2008135,416,
2008136,226,
2008137,427,
2008138,364,
2008139,179,
2008140,303,
2008141,180,
2008142,938,
2008143,640,
2008144,971,
2008145,064,
2008146,028,
2008147,831,
2008148,925,
2008149,083,
2008150,625,
2008151,724,
2008152,590,
2008153,067,
2008154,869,
2008155,717,
2008156,985,
2008157,788,
2008158,386,
2008159,752,
2008160,747,
2008161,273,
2008162,132,
2008163,151,
2008164,057,
2008165,307,
2008166,128,
2008167,242,
2008168,680,
2008169,923,
2008170,371,
2008171,959,
2008172,419,
2008173,597,
2008174,553,
2008175,470,
2008176,674,
2008177,448,
2008178,615,
2008179,049,
2008180,667,
2008181,001,
2008182,865,
2008183,085,
2008184,589,
2008185,697,
2008186,152,
2008187,374,
2008188,413,
2008189,409,
2008190,340,
2008191,950,
2008192,524,
2008193,103,
2008194,840,
2008195,409,
2008196,161,
2008197,964,
2008198,979,
2008199,164,
2008200,465,
2008201,458,
2008202,156,
2008203,563,
2008204,799,
2008205,681,
2008206,683,
2008207,647,
2008208,833,
2008209,914,
2008210,458,
2008211,280,
2008212,640,
2008213,728,
2008214,864,
2008215,015,
2008216,166,
2008217,962,
2008218,884,
2008219,751,
2008220,213,
2008221,529,
2008222,636,
2008223,934,
2008224,525,
2008225,032,
2008226,837,
2008227,167,
2008228,661,
2008229,604,
2008230,913,
2008231,395,
2008232,132,
2008233,766,
2008234,076,
2008235,837,
2008236,622,
2008237,699,
2008238,223,
2008239,538,
2008240,431,
2008241,107,
2008242,725,
2008243,647,
2008244,000,
2008245,750,
2008246,931,
2008247,896,
2008248,795,
2008249,914,
2008250,369,
2008251,404,
2008252,050,
2008253,337,
2008254,928,
2008255,182,
2008256,055,
2008257,190,
2008258,201,
2008259,528,
2008260,002,
2008261,223,
2008262,032,
2008263,700,
2008264,268,
2008265,489,
2008266,309,
2008267,210,
2008268,768,
2008269,980,
2008270,186,
2008271,816,
2008272,815,
2008273,409,
2008274,922,
2008275,020,
2008276,891,
2008277,560,
2008278,786,
2008279,896,
2008280,234,
2008281,766,
2008282,579,
2008283,315,
2008284,549,
2008285,547,
2008286,209,
2008287,794,
2008288,836,
2008289,045,
2008290,144,
2008291,997,
2008292,819,
2008293,905,
2008294,835,
2008295,808,
2008296,320,
2008297,749,
2008298,107,
2008299,104,
2008300,794,
2008301,294,
2008302,424,
2008303,971,
2008304,525,
2008305,679,
2008306,764,
2008307,843,
2008308,172,
2008309,867,
2008310,967,
2008311,518,
2008312,633,
2008313,178,
2008314,518,
2008315,548,
2008316,493,
2008317,000,
2008318,096,
2008319,003,
2008320,053,
2008321,535,
2008322,355,
2008323,106,
2008324,991,
2008325,811,
2008326,502,
2008327,213,
2008328,440,
2008329,052,
2008330,007,
2008331,368,
2008332,433,
2008333,398,
2008334,736,
2008335,187,
2008336,687,
2008337,915,
2008338,071,
2008339,452,
2008340,342,
2008341,699,
2008342,368,
2008343,541,
2008344,119,
2008345,393,
2008346,982,
2008347,807,
2008348,014,
2008349,400,
2008350,364,
2008351,055,
2008352,632,
2008353,813,
2008354,801,
2008355,820,
2008356,363,
2008357,475,
2008358,159,
2008359,927,
2009001,671,
2009002,754,
2009003,438,
2009004,951,
2009005,499,
2009006,037,
2009007,916,
2009008,196,
2009009,047,
2009010,397,
2009011,403,
2009012,157,
2009013,626,
2009014,434,
2009015,869,
2009016,304,
2009017,740,
2009018,334,
2009019,514,
2009020,328,
2009021,135,
2009022,358,
2009023,344,
2009024,429,
2009025,141,
2009026,384,
2009027,298,
2009028,506,
2009029,918,
2009030,785,
2009031,529,
2009032,194,
2009033,444,
2009034,767,
2009035,514,
2009036,236,
2009037,147,
2009038,540,
2009039,897,
2009040,440,
2009041,968,
2009042,140,
2009043,268,
2009044,737,
2009045,375,
2009046,989,
2009047,393,
2009048,939,
2009049,834,
2009050,508,
2009051,416,
2009052,389,
2009053,645,
2009054,698,
2009055,567,
2009056,652,
2009057,658,
2009058,208,
2009059,359,
2009060,774,
2009061,207,
2009062,443,
2009063,994,
2009064,661,
2009065,055,
2009066,665,
2009067,016,
2009068,718,
2009069,085,
2009070,351,
2009071,047,
2009072,821,
2009073,303,
2009074,328,
2009075,999,
2009076,988,
2009077,576,
2009078,558,
2009079,892,
2009080,530,
2009081,456,
2009082,376,
2009083,877,
2009084,076,
2009085,852,
2009086,161,
2009087,821,
2009088,809,
2009089,046,
2009090,003,
2009091,851,
2009092,085,
2009093,069,
2009094,290,
2009095,792,
2009096,402,
2009097,474,
2009098,937,
2009099,436,
2009100,585,
2009101,485,
2009102,197,
2009103,730,
2009104,515,
2009105,691,
2009106,580,
2009107,985,
2009108,207,
2009109,832,
2009110,603,
2009111,645,
2009112,477,
2009113,705,
2009114,359,
2009115,048,
2009116,192,
2009117,505,
2009118,663,
2009119,146,
2009120,301,
2009121,181,
2009122,431,
2009123,992,
2009124,223,
2009125,644,
2009126,736,
2009127,539,
2009128,974,
2009129,056,
2009130,269,
2009131,373,
2009132,832,
2009133,419,
2009134,986,
2009135,722,
2009136,570,
2009137,302,
2009138,890,
2009139,412,
2009140,731,
2009141,938,
2009142,218,
2009143,221,
2009144,097,
2009145,110,
2009146,714,
2009147,566,
2009148,831,
2009149,063,
2009150,719,
2009151,453,
2009152,572,
2009153,389,
2009154,351,
2009155,188,
2009156,841,
2009157,508,
2009158,139,
2009159,037,
2009160,627,
2009161,048,
2009162,995,
2009163,838,
2009164,147,
2009165,354,
2009166,209,
2009167,817,
2009168,565,
2009169,475,
2009170,446,
2009171,200,
2009172,919,
2009173,713,
2009174,965,
2009175,586,
2009176,551,
2009177,059,
2009178,247,
2009179,362,
2009180,035,
2009181,500,
2009182,288,
2009183,696,
2009184,623,
2009185,845,
2009186,017,
2009187,510,
2009188,911,
2009189,281,
2009190,534,
2009191,640,
2009192,669,
2009193,348,
2009194,214,
2009195,279,
2009196,468,
2009197,889,
2009198,298,
2009199,612,
2009200,823,
2009201,188,
2009202,230,
2009203,830,
2009204,062,
2009205,083,
2009206,284,
2009207,367,
2009208,013,
2009209,154,
2009210,304,
2009211,681,
2009212,642,
2009213,567,
2009214,239,
2009215,318,
2009216,648,
2009217,685,
2009218,061,
2009219,822,
2009220,317,
2009221,856,
2009222,761,
2009223,740,
2009224,176,
2009225,438,
2009226,457,
2009227,244,
2009228,738,
2009229,597,
2009230,772,
2009231,127,
2009232,438,
2009233,807,
2009234,073,
2009235,063,
2009236,323,
2009237,844,
2009238,963,
2009239,173,
2009240,299,
2009241,773,
2009242,156,
2009243,695,
2009244,423,
2009245,454,
2009246,751,
2009247,804,
2009248,412,
2009249,550,
2009250,319,
2009251,587,
2009252,399,
2009253,707,
2009254,008,
2009255,906,
2009256,860,
2009257,839,
2009258,549,
2009259,666,
2009260,423,
2009261,398,
2009262,790,
2009263,292,
2009264,345,
2009265,869,
2009266,894,
2009267,937,
2009268,480,
2009269,430,
2009270,759,
2009271,335,
2009272,566,
2009273,095,
2009274,593,
2009275,615,
2009276,608,
2009277,940,
2009278,367,
2009279,684,
2009280,956,
2009281,459,
2009282,850,
2009283,161,
2009284,654,
2009285,911,
2009286,349,
2009287,056,
2009288,490,
2009289,344,
2009290,004,
2009291,879,
2009292,374,
2009293,779,
2009294,960,
2009295,672,
2009296,591,
2009297,729,
2009298,310,
2009299,880,
2009300,744,
2009301,669,
2009302,849,
2009303,610,
2009304,552,
2009305,640,
2009306,583,
2009307,551,
2009308,030,
2009309,818,
2009310,965,
2009311,789,
2009312,817,
2009313,663,
2009314,789,
2009315,581,
2009316,073,
2009317,480,
2009318,607,
2009319,633,
2009320,692,
2009321,081,
2009322,827,
2009323,003,
2009324,942,
2009325,879,
2009326,950,
2009327,554,
2009328,402,
2009329,844,
2009330,607,
2009331,915,
2009332,897,
2009333,336,
2009334,519,
2009335,877,
2009336,918,
2009337,752,
2009338,634,
2009339,638,
2009340,159,
2009341,654,
2009342,587,
2009343,876,
2009344,292,
2009345,691,
2009346,603,
2009347,016,
2009348,578,
2009349,721,
2009350,052,
2009351,645,
2009352,374,
2009353,308,
2009354,454,
2009355,566,
2009356,712,
2009357,837,
2009358,670,
2010001,591,
2010002,938,
2010003,610,
2010004,496,
2010005,927,
2010006,560,
2010007,281,
2010008,397,
2010009,109,
2010010,875,
2010011,115,
2010012,426,
2010013,969,
2010014,196,
2010015,827,
2010016,111,
2010017,483,
2010018,829,
2010019,260,
2010020,924,
2010021,714,
2010022,217,
2010023,528,
2010024,773,
2010025,858,
2010026,677,
2010027,353,
2010028,740,
2010029,910,
2010030,394,
2010031,514,
2010032,393,
2010033,974,
2010034,075,
2010035,927,
2010036,903,
2010037,474,
2010038,041,
2010039,882,
2010040,072,
2010041,538,
2010042,214,
2010043,357,
2010044,821,
2010045,988,
2010046,796,
2010047,093,
2010048,516,
2010049,423,
2010050,314,
2010051,465,
2010052,065,
2010053,494,
2010054,113,
2010055,131,
2010056,759,
2010057,317,
2010058,023,
2010059,181,
2010060,290,
2010061,397,
2010062,513,
2010063,784,
2010064,706,
2010065,943,
2010066,213,
2010067,305,
2010068,125,
2010069,101,
2010070,174,
2010071,949,
2010072,822,
2010073,932,
2010074,010,
2010075,407,
2010076,349,
2010077,176,
2010078,114,
2010079,843,
2010080,568,
2010081,975,
2010082,719,
2010083,476,
2010084,559,
2010085,972,
2010086,383,
2010087,671,
2010088,470,
2010089,149,
2010090,954,
2010091,913,
2010092,228,
2010093,144,
2010094,848,
2010095,338,
2010096,760,
2010097,893,
2010098,242,
2010099,217,
2010100,732,
2010101,257,
2010102,872,
2010103,081,
2010104,465,
2010105,190,
2010106,342,
2010107,232,
2010108,841,
2010109,027,
2010110,763,
2010111,185,
2010112,263,
2010113,414,
2010114,409,
2010115,938,
2010116,643,
2010117,749,
2010118,105,
2010119,941,
2010120,855,
2010121,056,
2010122,768,
2010123,235,
2010124,743,
2010125,019,
2010126,827,
2010127,077,
2010128,082,
2010129,929,
2010130,020,
2010131,761,
2010132,591,
2010133,086,
2010134,879,
2010135,634,
2010136,076,
2010137,954,
2010138,873,
2010139,156,
2010140,810,
2010141,190,
2010142,232,
2010143,776,
2010144,337,
2010145,667,
2010146,135,
2010147,106,
2010148,268,
2010149,637,
2010150,641,
2010151,304,
2010152,882,
2010153,000,
2010154,207,
2010155,286,
2010156,836,
2010157,852,
2010158,332,
2010159,056,
2010160,161,
2010161,310,
2010162,450,
2010163,820,
2010164,022,
2010165,057,
2010166,503,
2010167,528,
2010168,898,
2010169,861,
2010170,059,
2010171,119,
2010172,147,
2010173,062,
2010174,756,
2010175,345,
2010176,001,
2010177,289,
2010178,176,
2010179,760,
2010180,526,
2010181,379,
2010182,266,
2010183,350,
2010184,837,
2010185,427,
2010186,701,
2010187,019,
2010188,247,
2010189,674,
2010190,935,
2010191,432,
2010192,168,
2010193,623,
2010194,277,
2010195,650,
2010196,948,
2010197,787,
2010198,312,
2010199,486,
2010200,493,
2010201,700,
2010202,041,
2010203,485,
2010204,535,
2010205,132,
2010206,838,
2010207,468,
2010208,248,
2010209,801,
2010210,828,
2010211,249,
2010212,097,
2010213,720,
2010214,666,
2010215,878,
2010216,688,
2010217,642,
2010218,715,
2010219,748,
2010220,672,
2010221,478,
2010222,130,
2010223,744,
2010224,252,
2010225,068,
2010226,434,
2010227,259,
2010228,519,
2010229,764,
2010230,248,
2010231,613,
2010232,379,
2010233,575,
2010234,354,
2010235,007,
2010236,671,
2010237,175,
2010238,171,
2010239,901,
2010240,402,
2010241,612,
2010242,803,
2010243,280,
2010244,457,
2010245,043,
2010246,535,
2010247,075,
2010248,463,
2010249,692,
2010250,267,
2010251,340,
2010252,665,
2010253,945,
2010254,945,
2010255,914,
2010256,775,
2010257,021,
2010258,557,
2010259,162,
2010260,823,
2010261,794,
2010262,240,
2010263,413,
2010264,178,
2010265,199,
2010266,743,
2010267,036,
2010268,419,
2010269,270,
2010270,897,
2010271,660,
2010272,320,
2010273,815,
2010274,794,
2010275,686,
2010276,665,
2010277,016,
2010278,127,
2010279,407,
2010280,199,
2010281,551,
2010282,144,
2010283,303,
2010284,140,
2010285,016,
2010286,501,
2010287,071,
2010288,916,
2010289,771,
2010290,770,
2010291,129,
2010292,291,
2010293,074,
2010294,090,
2010295,798,
2010296,713,
2010297,374,
2010298,975,
2010299,216,
2010300,084,
2010301,965,
2010302,621,
2010303,449,
2010304,340,
2010305,513,
2010306,642,
2010307,442,
2010308,498,
2010309,377,
2010310,017,
2010311,371,
2010312,970,
2010313,586,
2010314,573,
2010315,855,
2010316,111,
2010317,670,
2010318,050,
2010319,605,
2010320,345,
2010321,608,
2010322,578,
2010323,280,
2010324,298,
2010325,809,
2010326,006,
2010327,506,
2010328,094,
2010329,594,
2010330,378,
2010331,726,
2010332,743,
2010333,805,
2010334,447,
2010335,296,
2010336,568,
2010337,921,
2010338,693,
2010339,040,
2010340,302,
2010341,917,
2010342,794,
2010343,146,
2010344,703,
2010345,020,
2010346,033,
2010347,469,
2010348,097,
2010349,638,
2010350,194,
2010351,245,
2010352,295,
2010353,085,
2010354,537,
2010355,804,
2010356,869,
2010357,510,
2010358,228,
2011001,142,
2011002,726,
2011003,937,
2011004,640,
2011005,571,
2011006,242,
2011007,285,
2011008,982,
2011009,176,
2011010,573,
2011011,635,
2011012,587,
2011013,879,
2011014,277,
2011015,809,
2011016,777,
2011017,813,
2011018,141,
2011019,358,
2011020,164,
2011021,215,
2011022,782,
2011023,777,
2011024,388,
2011025,546,
2011026,591,
2011027,677,
2011028,347,
2011029,679,
2011030,013,
2011031,937,
2011032,265,
2011033,106,
2011034,200,
2011035,219,
2011036,350,
2011037,063,
2011038,404,
2011039,784,
2011040,958,
2011041,286,
2011042,208,
2011043,133,
2011044,456,
2011045,224,
2011046,816,
2011047,954,
2011048,458,
2011049,730,
2011050,316,
2011051,281,
2011052,057,
2011053,278,
2011054,518,
2011055,742,
2011056,940,
2011057,030,
2011058,062,
2011059,960,
2011060,528,
2011061,843,
2011062,160,
2011063,806,
2011064,725,
2011065,420,
2011066,809,
2011067,544,
2011068,108,
2011069,753,
2011070,334,
2011071,782,
2011072,428,
2011073,172,
2011074,087,
2011075,287,
2011076,746,
2011077,206,
2011078,246,
2011079,785,
2011080,648,
2011081,100,
2011082,491,
2011083,868,
2011084,721,
2011085,337,
2011086,368,
2011087,194,
2011088,342,
2011089,219,
2011090,796,
2011091,315,
2011092,431,
2011093,369,
2011094,849,
2011095,784,
2011096,006,
2011097,429,
2011098,022,
2011099,652,
2011100,714,
2011101,886,
2011102,329,
2011103,666,
2011104,329,
2011105,927,
2011106,158,
2011107,907,
2011108,788,
2011109,920,
2011110,247,
2011111,523,
2011112,574,
2011113,294,
2011114,628,
2011115,827,
2011116,178,
2011117,358,
2011118,727,
2011119,083,
2011120,759,
2011121,220,
2011122,555,
2011123,769,
2011124,791,
2011125,006,
2011126,055,
2011127,467,
2011128,691,
2011129,082,
2011130,038,
2011131,454,
2011132,418,
2011133,016,
2011134,225,
2011135,809,
2011136,559,
2011137,958,
2011138,475,
2011139,265,
2011140,819,
2011141,915,
2011142,789,
2011143,058,
2011144,644,
2011145,494,
2011146,500,
2011147,163,
2011148,439,
2011149,926,
2011150,773,
2011151,541,
2011152,721,
2011153,456,
2011154,682,
2011155,256,
2011156,212,
2011157,582,
2011158,608,
2011159,769,
2011160,510,
2011161,371,
2011162,573,
2011163,635,
2011164,704,
2011165,162,
2011166,454,
2011167,941,
2011168,017,
2011169,922,
2011170,157,
2011171,725,
2011172,227,
2011173,763,
2011174,412,
2011175,262,
2011176,905,
2011177,697,
2011178,145,
2011179,170,
2011180,804,
2011181,918,
2011182,353,
2011183,341,
2011184,209,
2011185,767,
2011186,242,
2011187,931,
2011188,430,
2011189,472,
2011190,464,
2011191,351,
2011192,746,
2011193,868,
2011194,210,
2011195,385,
2011196,415,
2011197,638,
2011198,985,
2011199,263,
2011200,552,
2011201,348,
2011202,750,
2011203,017,
2011204,127,
2011205,341,
2011206,144,
2011207,699,
2011208,439,
2011209,992,
2011210,540,
2011211,779,
2011212,862,
2011213,109,
2011214,911,
2011215,457,
2011216,969,
2011217,618,
2011218,648,
2011219,485,
2011220,999,
2011221,069,
2011222,713,
2011223,345,
2011224,610,
2011225,863,
2011226,242,
2011227,084,
2011228,820,
2011229,176,
2011230,936,
2011231,827,
2011232,452,
2011233,002,
2011234,211,
2011235,056,
2011236,634,
2011237,662,
2011238,301,
2011239,787,
2011240,975,
2011241,868,
2011242,697,
2011243,866,
2011244,716,
2011245,080,
2011246,650,
2011247,684,
2011248,370,
2011249,358,
2011250,770,
2011251,251,
2011252,808,
2011253,560,
2011254,497,
2011255,068,
2011256,214,
2011257,818,
2011258,442,
2011259,365,
2011260,628,
2011261,189,
2011262,525,
2011263,928,
2011264,499,
2011265,080,
2011266,248,
2011267,501,
2011268,599,
2011269,399,
2011270,139,
2011271,355,
2011272,643,
2011273,416,
2011274,342,
2011275,360,
2011276,509,
2011277,265,
2011278,087,
2011279,241,
2011280,567,
2011281,481,
2011282,753,
2011283,436,
2011284,902,
2011285,632,
2011286,531,
2011287,429,
2011288,422,
2011289,455,
2011290,240,
2011291,310,
2011292,961,
2011293,098,
2011294,717,
2011295,624,
2011296,766,
2011297,042,
2011298,872,
2011299,567,
2011300,838,
2011301,947,
2011302,171,
2011303,385,
2011304,350,
2011305,010,
2011306,754,
2011307,261,
2011308,433,
2011309,268,
2011310,469,
2011311,539,
2011312,068,
2011313,180,
2011314,708,
2011315,330,
2011316,933,
2011317,134,
2011318,116,
2011319,443,
2011320,442,
2011321,944,
2011322,220,
2011323,724,
2011324,436,
2011325,385,
2011326,381,
2011327,791,
2011328,619,
2011329,838,
2011330,890,
2011331,934,
2011332,805,
2011333,246,
2011334,783,
2011335,762,
2011336,541,
2011337,724,
2011338,808,
2011339,613,
2011340,045,
2011341,961,
2011342,333,
2011343,920,
2011344,908,
2011345,580,
2011346,993,
2011347,533,
2011348,772,
2011349,781,
2011350,368,
2011351,145,
2011352,589,
2011353,012,
2011354,489,
2011355,488,
2011356,917,
2011357,193,
2011358,254,
2012001,309,
2012002,209,
2012003,750,
2012004,960,
2012005,135,
2012006,882,
2012007,880,
2012008,497,
2012009,166,
2012010,594,
2012011,315,
2012012,224,
2012013,317,
2012014,637,
2012015,180,
2012016,749,
2012017,538,
2012018,030,
2012019,045,
2012020,446,
2012021,967,
2012022,425,
2012023,633,
2012024,997,
2012025,755,
2012026,746,
2012027,263,
2012028,731,
2012029,100,
2012030,982,
2012031,195,
2012032,421,
2012033,865,
2012034,465,
2012035,369,
2012036,287,
2012037,978,
2012038,032,
2012039,757,
2012040,470,
2012041,664,
2012042,001,
2012043,525,
2012044,723,
2012045,026,
2012046,493,
2012047,642,
2012048,875,
2012049,808,
2012050,035,
2012051,302,
2012052,355,
2012053,663,
2012054,103,
2012055,712,
2012056,607,
2012057,608,
2012058,096,
2012059,269,
2012060,492,
2012061,763,
2012062,023,
2012063,128,
2012064,478,
2012065,775,
2012066,648,
2012067,193,
2012068,856,
2012069,693,
2012070,757,
2012071,759,
2012072,795,
2012073,069,
2012074,841,
2012075,537,
2012076,606,
2012077,388,
2012078,122,
2012079,457,
2012080,482,
2012081,922,
2012082,325,
2012083,116,
2012084,618,
2012085,912,
2012086,973,
2012087,544,
2012088,363,
2012089,080,
2012090,549,
2012091,220,
2012092,553,
2012093,002,
2012094,668,
2012095,588,
2012096,870,
2012097,861,
2012098,996,
2012099,405,
2012100,413,
2012101,695,
2012102,077,
2012103,301,
2012104,990,
2012105,382,
2012106,436,
2012107,728,
2012108,758,
2012109,120,
2012110,645,
2012111,810,
2012112,383,
2012113,070,
2012114,850,
2012115,086,
2012116,339,
2012117,665,
2012118,518,
2012119,100,
2012120,436,
2012121,694,
2012122,585,
2012123,234,
2012124,108,
2012125,143,
2012126,507,
2012127,985,
2012128,431,
2012129,368,
2012130,290,
2012131,527,
2012132,659,
2012133,347,
2012134,698,
2012135,987,
2012136,748,
2012137,517,
2012138,537,
2012139,036,
2012140,390,
2012141,214,
2012142,349,
2012143,185,
2012144,923,
2012145,628,
2012146,197,
2012147,502,
2012148,732,
2012149,031,
2012150,828,
2012151,140,
2012152,802,
2012153,746,
2012154,843,
2012155,267,
2012156,862,
2012157,015,
2012158,162,
2012159,543,
2012160,962,
2012161,369,
2012162,832,
2012163,643,
2012164,651,
2012165,364,
2012166,112,
2012167,212,
2012168,405,
2012169,012,
2012170,661,
2012171,242,
2012172,769,
2012173,887,
2012174,875,
2012175,976,
2012176,327,
2012177,694,
2012178,127,
2012179,921,
2012180,277,
2012181,847,
2012182,861,
2012183,245,
2012184,921,
2012185,309,
2012186,247,
2012187,484,
2012188,252,
2012189,083,
2012190,964,
2012191,558,
2012192,928,
2012193,944,
2012194,346,
2012195,626,
2012196,877,
2012197,639,
2012198,619,
2012199,503,
2012200,632,
2012201,803,
2012202,398,
2012203,583,
2012204,108,
2012205,295,
2012206,265,
2012207,030,
2012208,613,
2012209,641,
2012210,393,
2012211,843,
2012212,547,
2012213,297,
2012214,965,
2012215,284,
2012216,873,
2012217,253,
2012218,565,
2012219,152,
2012220,098,
2012221,351,
2012222,099,
2012223,093,
2012224,573,
2012225,652,
2012226,879,
2012227,485,
2012228,108,
2012229,149,
2012230,333,
2012231,908,
2012232,708,
2012233,897,
2012234,418,
2012235,422,
2012236,332,
2012237,739,
2012238,307,
2012239,810,
2012240,167,
2012241,247,
2012242,572,
2012243,237,
2012244,936,
2012245,749,
2012246,578,
2012247,514,
2012248,690,
2012249,412,
2012250,023,
2012251,195,
2012252,670,
2012253,466,
2012254,203,
2012255,132,
2012256,694,
2012257,773,
2012258,913,
2012259,340,
2012260,442,
2012261,401,
2012262,869,
2012263,799,
2012264,797,
2012265,419,
2012266,181,
2012267,343,
2012268,339,
2012269,625,
2012270,992,
2012271,140,
2012272,989,
2012273,667,
2012274,267,
2012275,447,
2012276,468,
2012277,994,
2012278,021,
2012279,538,
2012280,718,
2012281,438,
2012282,866,
2012283,166,
2012284,756,
2012285,997,
2012286,304,
2012287,271,
2012288,094,
2012289,034,
2012290,099,
2012291,199,
2012292,646,
2012293,061,
2012294,005,
2012295,103,
2012296,407,
2012297,156,
2012298,408,
2012299,925,
2012300,539,
2012301,706,
2012302,317,
2012303,764,
2012304,150,
2012305,042,
2012306,057,
2012307,974,
2012308,921,
2012309,071,
2012310,899,
2012311,743,
2012312,831,
2012313,743,
2012314,181,
2012315,371,
2012316,709,
2012317,315,
2012318,110,
2012319,286,
2012320,428,
2012321,936,
2012322,524,
2012323,889,
2012324,114,
2012325,656,
2012326,814,
2012327,310,
2012328,644,
2012329,595,
2012330,534,
2012331,382,
2012332,523,
2012333,744,
2012334,006,
2012335,493,
2012336,250,
2012337,576,
2012338,097,
2012339,294,
2012340,046,
2012341,204,
2012342,373,
2012343,296,
2012344,293,
2012345,896,
2012346,992,
2012347,576,
2012348,851,
2012349,266,
2012350,676,
2012351,035,
2012352,123,
2012353,823,
2012354,779,
2012355,636,
2012356,546,
2012357,194,
2012358,554,
2012359,309,
2013001,203,
2013002,670,
2013003,166,
2013004,760,
2013005,622,
2013006,457,
2013007,147,
2013008,556,
2013009,921,
2013010,632,
2013011,209,
2013012,688,
2013013,922,
2013014,417,
2013015,228,
2013016,038,
2013017,380,
2013018,347,
2013019,866,
2013020,929,
2013021,918,
2013022,250,
2013023,807,
2013024,268,
2013025,540,
2013026,857,
2013027,308,
2013028,113,
2013029,149,
2013030,732,
2013031,762,
2013032,849,
2013033,277,
2013034,330,
2013035,632,
2013036,658,
2013037,364,
2013038,640,
2013039,639,
2013040,549,
2013041,851,
2013042,496,
2013043,536,
2013044,318,
2013045,039,
2013046,966,
2013047,784,
2013048,290,
2013049,636,
2013050,556,
2013051,676,
2013052,556,
2013053,564,
2013054,497,
2013055,456,
2013056,139,
2013057,243,
2013058,082,
2013059,251,
2013060,549,
2013061,675,
2013062,669,
2013063,641,
2013064,176,
2013065,328,
2013066,041,
2013067,832,
2013068,770,
2013069,115,
2013070,235,
2013071,360,
2013072,831,
2013073,222,
2013074,288,
2013075,617,
2013076,174,
2013077,184,
2013078,032,
2013079,780,
2013080,466,
2013081,857,
2013082,249,
2013083,602,
2013084,721,
2013085,693,
2013086,895,
2013087,034,
2013088,381,
2013089,192,
2013090,955,
2013091,137,
2013092,632,
2013093,737,
2013094,028,
2013095,215,
2013096,039,
2013097,792,
2013098,759,
2013099,450,
2013100,338,
2013101,921,
2013102,536,
2013103,203,
2013104,014,
2013105,484,
2013106,492,
2013107,985,
2013108,343,
2013109,167,
2013110,418,
2013111,466,
2013112,996,
2013113,836,
2013114,171,
2013115,901,
2013116,407,
2013117,808,
2013118,393,
2013119,451,
2013120,569,
2013121,073,
2013122,465,
2013123,832,
2013124,963,
2013125,510,
2013126,410,
2013127,667,
2013128,849,
2013129,020,
2013130,991,
2013131,798,
2013132,155,
2013133,329,
2013134,228,
2013135,850,
2013136,231,
2013137,627,
2013138,579,
2013139,907,
2013140,592,
2013141,782,
2013142,930,
2013143,060,
2013144,890,
2013145,389,
2013146,464,
2013147,843,
2013148,825,
2013149,452,
2013150,736,
2013151,943,
2013152,149,
2013153,288,
2013154,349,
2013155,296,
2013156,775,
2013157,383,
2013158,613,
2013159,098,
2013160,210,
2013161,537,
2013162,292,
2013163,104,
2013164,732,
2013165,300,
2013166,042,
2013167,242,
2013168,556,
2013169,344,
2013170,128,
2013171,890,
2013172,406,
2013173,506,
2013174,714,
2013175,185,
2013176,307,
2013177,169,
2013178,927,
2013179,368,
2013180,642,
2013181,248,
2013182,944,
2013183,693,
2013184,487,
2013185,916,
2013186,170,
2013187,188,
2013188,020,
2013189,026,
2013190,719,
2013191,315,
2013192,170,
2013193,493,
2013194,806,
2013195,398,
2013196,100,
2013197,115,
2013198,566,
2013199,814,
2013200,573,
2013201,498,
2013202,603,
2013203,300,
2013204,506,
2013205,798,
2013206,493,
2013207,473,
2013208,044,
2013209,928,
2013210,139,
2013211,749,
2013212,082,
2013213,660,
2013214,826,
2013215,157,
2013216,383,
2013217,965,
2013218,112,
2013219,232,
2013220,630,
2013221,999,
2013222,260,
2013223,811,
2013224,579,
2013225,884,
2013226,550,
2013227,427,
2013228,410,
2013229,003,
2013230,962,
2013231,468,
2013232,441,
2013233,367,
2013234,846,
2013235,625,
2013236,714,
2013237,874,
2013238,117,
2013239,091,
2013240,569,
2013241,718,
2013242,528,
2013243,361,
2013244,393,
2013245,742,
2013246,906,
2013247,559,
2013248,115,
2013249,307,
2013250,904,
2013251,753,
2013252,573,
2013253,683,
2013254,956,
2013255,295,
2013256,598,
2013257,398,
2013258,055,
2013259,413,
2013260,626,
2013261,227,
2013262,643,
2013263,681,
2013264,748,
2013265,373,
2013266,552,
2013267,051,
2013268,414,
2013269,166,
2013270,295,
2013271,385,
2013272,309,
2013273,568,
2013274,600,
2013275,250,
2013276,954,
2013277,393,
2013278,134,
2013279,409,
2013280,194,
2013281,005,
2013282,846,
2013283,547,
2013284,169,
2013285,165,
2013286,192,
2013287,200,
2013288,748,
2013289,740,
2013290,323,
2013291,667,
2013292,093,
2013293,956,
2013294,198,
2013295,342,
2013296,943,
2013297,803,
2013298,732,
2013299,207,
2013300,383,
2013301,776,
2013302,882,
2013303,289,
2013304,212,
2013305,860,
2013306,291,
2013307,694,
2013308,378,
2013309,982,
2013310,271,
2013311,358,
2013312,784,
2013313,898,
2013314,711,
2013315,899,
2013316,088,
2013317,197,
2013318,244,
2013319,460,
2013320,573,
2013321,987,
2013322,648,
2013323,114,
2013324,167,
2013325,863,
2013326,233,
2013327,405,
2013328,957,
2013329,529,
2013330,004,
2013331,224,
2013332,423,
2013333,789,
2013334,680,
2013335,008,
2013336,423,
2013337,030,
2013338,517,
2013339,867,
2013340,805,
2013341,980,
2013342,899,
2013343,776,
2013344,149,
2013345,072,
2013346,019,
2013347,554,
2013348,574,
2013349,524,
2013350,322,
2013351,726,
2013352,176,
2013353,185,
2013354,024,
2013355,293,
2013356,164,
2013357,320,
2013358,968,
2014001,687,
2014002,634,
2014003,643,
2014004,955,
2014005,755,
2014006,992,
2014007,283,
2014008,590,
2014009,432,
2014010,645,
2014011,319,
2014012,368,
2014013,613,
2014014,945,
2014015,742,
2014016,224,
2014017,057,
2014018,474,
2014019,610,
2014020,087,
2014021,875,
2014022,969,
2014023,303,
2014024,344,
2014025,683,
2014026,300,
2014027,774,
2014028,805,
2014029,618,
2014030,488,
2014031,204,
2014032,256,
2014033,444,
2014034,335,
2014035,723,
2014036,630,
2014037,809,
2014038,004,
2014039,478,
2014040,068,
2014041,702,
2014042,156,
2014043,854,
2014044,585,
2014045,236,
2014046,248,
2014047,903,
2014048,214,
2014049,392,
2014050,757,
2014051,310,
2014052,793,
2014053,700,
2014054,257,
2014055,761,
2014056,386,
2014057,502,
2014058,210,
2014059,871,
2014060,977,
2014061,819,
2014062,300,
2014063,742,
2014064,361,
2014065,208,
2014066,693,
2014067,072,
2014068,968,
2014069,652,
2014070,911,
2014071,537,
2014072,662,
2014073,036,
2014074,921,
2014075,146,
2014076,559,
2014077,712,
2014078,630,
2014079,206,
2014080,670,
2014081,544,
2014082,934,
2014083,521,
2014084,558,
2014085,623,
2014086,056,
2014087,030,
2014088,404,
2014089,506,
2014090,482,
2014091,495,
2014092,303,
2014093,998,
2014094,285,
2014095,553,
2014096,738,
2014097,389,
2014098,548,
2014099,286,
2014100,170,
2014101,892,
2014102,352,
2014103,250,
2014104,957,
2014105,613,
2014106,970,
2014107,669,
2014108,960,
2014109,965,
2014110,768,
2014111,487,
2014112,429,
2014113,124,
2014114,243,
2014115,645,
2014116,910,
2014117,829,
2014118,182,
2014119,383,
2014120,758,
2014121,743,
2014122,499,
2014123,315,
2014124,701,
2014125,852,
2014126,588,
2014127,341,
2014128,780,
2014129,145,
2014130,211,
2014131,870,
2014132,139,
2014133,650,
2014134,085,
2014135,409,
2014136,840,
2014137,169,
2014138,587,
2014139,764,
2014140,901,
2014141,921,
2014142,594,
2014143,244,
2014144,077,
2014145,612,
2014146,367,
2014147,578,
2014148,180,
2014149,262,
2014150,107,
2014151,391,
2014152,821,
2014153,392,
2014154,115,
2014155,677,
2014156,419,
2014157,575,
2014158,411,
2014159,312,
2014160,045,
2014161,946,
2014162,587,
2014163,668,
2014164,341,
2014165,466,
2014166,316,
2014167,986,
2014168,481,
2014169,279,
2014170,630,
2014171,631,
2014172,843,
2014173,359,
2014174,659,
2014175,347,
2014176,685,
2014177,260,
2014178,077,
2014179,130,
2014180,199,
2014181,806,
2014182,804,
2014183,987,
2014184,397,
2014185,636,
2014186,284,
2014187,876,
2014188,965,
2014189,858,
2014190,597,
2014191,411,
2014192,208,
2014193,531,
2014194,626,
2014195,895,
2014196,883,
2014197,832,
2014198,980,
2014199,648,
2014200,583,
2014201,363,
2014202,627,
2014203,648,
2014204,284,
2014205,272,
2014206,657,
2014207,258,
2014208,241,
2014209,194,
2014210,585,
2014211,697,
2014212,553,
2014213,447,
2014214,770,
2014215,175,
2014216,938,
2014217,354,
2014218,238,
2014219,859,
2014220,628,
2014221,384,
2014222,672,
2014223,444,
2014224,689,
2014225,902,
2014226,675,
2014227,703,
2014228,855,
2014229,681,
2014230,688,
2014231,803,
2014232,119,
2014233,283,
2014234,580,
2014235,330,
2014236,430,
2014237,260,
2014238,425,
2014239,552,
2014240,411,
2014241,143,
2014242,124,
2014243,876,
2014244,122,
2014245,608,
2014246,627,
2014247,714,
2014248,708,
2014249,281,
2014250,180,
2014251,424,
2014252,902,
2014253,298,
2014254,031,
2014255,395,
2014256,767,
2014257,194,
2014258,718,
2014259,551,
2014260,578,
2014261,988,
2014262,941,
2014263,304,
2014264,395,
2014265,502,
2014266,582,
2014267,162,
2014268,621,
2014269,942,
2014270,275,
2014271,392,
2014272,478,
2014273,370,
2014274,361,
2014275,897,
2014276,460,
2014277,669,
2014278,209,
2014279,066,
2014280,524,
2014281,339,
2014282,684,
2014283,150,
2014284,670,
2014285,139,
2014286,667,
2014287,738,
2014288,100,
2014289,475,
2014290,076,
2014291,073,
2014292,802,
2014293,081,
2014294,817,
2014295,829,
2014296,924,
2014297,161,
2014298,011,
2014299,557,
2014300,605,
2014301,213,
2014302,605,
2014303,949,
2014304,041,
2014305,474,
2014306,391,
2014307,642,
2014308,429,
2014309,461,
2014310,963,
2014311,296,
2014312,308,
2014313,192,
2014314,713,
2014315,312,
2014316,678,
2014317,041,
2014318,382,
2014319,774,
2014320,182,
2014321,974,
2014322,667,
2014323,945,
2014324,935,
2014325,288,
2014326,978,
2014327,088,
2014328,362,
2014329,785,
2014330,614,
2014331,287,
2014332,330,
2014333,437,
2014334,142,
2014335,407,
2014336,513,
2014337,668,
2014338,917,
2014339,649,
2014340,370,
2014341,773,
2014342,797,
2014343,614,
2014344,209,
2014345,695,
2014346,351,
2014347,998,
2014348,522,
2014349,771,
2014350,223,
2014351,505,
2014352,727,
2014353,515,
2014354,713,
2014355,773,
2014356,371,
2014357,610,
2015001,245,
2015002,047,
2015003,029,
2015004,937,
2015005,031,
2015006,053,
2015007,055,
2015008,919,
2015009,730,
2015010,599,
2015011,660,
2015012,047,
2015013,764,
2015014,402,
2015015,207,
2015016,656,
2015017,027,
2015018,902,
2015019,909,
2015020,731,
2015021,700,
2015022,982,
2015023,325,
2015024,875,
2015025,218,
2015026,068,
2015027,452,
2015028,283,
2015029,367,
2015030,278,
2015031,117,
2015032,711,
2015033,150,
2015034,178,
2015035,744,
2015036,275,
2015037,833,
2015038,043,
2015039,094,
2015040,076,
2015041,794,
2015042,521,
2015043,224,
2015044,861,
2015045,656,
2015046,636,
2015047,799,
2015048,472,
2015049,043,
2015050,683,
2015051,163,
2015052,197,
2015053,622,
2015054,395,
2015055,464,
2015056,783,
2015057,856,
2015058,569,
2015059,889,
2015060,640,
2015061,285,
2015062,827,
2015063,547,
2015064,368,
2015065,799,
2015066,688,
2015067,442,
2015068,757,
2015069,158,
2015070,196,
2015071,807,
2015072,561,
2015073,680,
2015074,840,
2015075,490,
2015076,288,
2015077,301,
2015078,491,
2015079,622,
2015080,810,
2015081,224,
2015082,069,
2015083,178,
2015084,718,
2015085,947,
2015086,472,
2015087,314,
2015088,955,
2015089,836,
2015090,899,
2015091,349,
2015092,634,
2015093,367,
2015094,565,
2015095,746,
2015096,796,
2015097,268,
2015098,309,
2015099,326,
2015100,887,
2015101,438,
2015102,936,
2015103,776,
2015104,674,
2015105,139,
2015106,241,
2015107,415,
2015108,758,
2015109,474,
2015110,988,
2015111,871,
2015112,451,
2015113,405,
2015114,844,
2015115,598,
2015116,771,
2015117,716,
2015118,607,
2015119,079,
2015120,784,
2015121,227,
2015122,274,
2015123,240,
2015124,599,
2015125,259,
2015126,971,
2015127,097,
2015128,313,
2015129,055,
2015130,218,
2015131,471,
2015132,685,
2015133,001,
2015134,661,
2015135,231,
2015136,378,
2015137,239,
2015138,182,
2015139,339,
2015140,755,
2015141,812,
2015142,360,
2015143,880,
2015144,980,
2015145,197,
2015146,461,
2015147,331,
2015148,750,
2015149,022,
2015150,275,
2015151,430,
2015152,660,
2015153,451,
2015154,411,
2015155,188,
2015156,827,
2015157,222,
2015158,037,
2015159,847,
2015160,297,
2015161,823,
2015162,039,
2015163,030,
2015164,133,
2015165,567,
2015166,189,
2015167,601,
2015168,306,
2015169,511,
2015170,313,
2015171,672,
2015172,864,
2015173,498,
2015174,503,
2015175,743,
2015176,773,
2015177,605,
2015178,141,
2015179,381,
2015180,702,
2015181,281,
2015182,417,
2015183,731,
2015184,119,
2015185,870,
2015186,519,
2015187,878,
2015188,663,
2015189,224,
2015190,408,
2015191,713,
2015192,774,
2015193,416,
2015194,651,
2015195,781,
2015196,813,
2015197,580,
2015198,577,
2015199,131,
2015200,553,
2015201,905,
2015202,925,
2015203,988,
2015204,644,
2015205,313,
2015206,090,
2015207,635,
2015208,253,
2015209,547,
2015210,508,
2015211,701,
2015212,896,
2015213,205,
2015214,241,
2015215,216,
2015216,053,
2015217,365,
2015218,199,
2015219,566,
2015220,884,
2015221,065,
2015222,550,
2015223,801,
2015224,810,
2015225,234,
2015226,145,
2015227,187,
2015228,290,
2015229,671,
2015230,952,
2015231,683,
2015232,811,
2015233,432,
2015234,454,
2015235,107,
2015236,264,
2015237,107,
2015238,267,
2015239,899,
2015240,462,
2015241,957,
2015242,764,
2015243,899,
2015244,887,
2015245,831,
2015246,313,
2015247,498,
2015248,995,
2015249,319,
2015250,873,
2015251,668,
2015252,967,
2015253,514,
2015254,178,
2015255,835,
2015256,722,
2015257,889,
2015258,555,
2015259,064,
2015260,118,
2015261,320,
2015262,963,
2015263,082,
2015264,914,
2015265,019,
2015266,752,
2015267,787,
2015268,334,
2015269,777,
2015270,705,
2015271,191,
2015272,828,
2015273,790,
2015274,755,
2015275,446,
2015276,011,
2015277,706,
2015278,845,
2015279,612,
2015280,981,
2015281,144,
2015282,864,
2015283,915,
2015284,577,
2015285,508,
2015286,020,
2015287,977,
2015288,999,
2015289,696,
2015290,795,
2015291,896,
2015292,100,
2015293,920,
2015294,628,
2015295,232,
2015296,361,
2015297,888,
2015298,236,
2015299,657,
2015300,256,
2015301,271,
2015302,120,
2015303,475,
2015304,751,
2015305,602,
2015306,392,
2015307,473,
2015308,849,
2015309,899,
2015310,516,
2015311,656,
2015312,318,
2015313,008,
2015314,010,
2015315,403,
2015316,869,
2015317,628,
2015318,111,
2015319,860,
2015320,785,
2015321,286,
2015322,939,
2015323,764,
2015324,698,
2015325,607,
2015326,818,
2015327,819,
2015328,373,
2015329,451,
2015330,369,
2015331,070,
2015332,434,
2015333,980,
2015334,261,
2015335,996,
2015336,369,
2015337,624,
2015338,254,
2015339,014,
2015340,079,
2015341,070,
2015342,642,
2015343,655,
2015344,134,
2015345,612,
2015346,229,
2015347,232,
2015348,997,
2015349,680,
2015350,461,
2015351,993,
2015352,438,
2015353,391,
2015354,356,
2015355,344,
2015356,475,
2015357,258,
2015358,261,
2016001,879,
2016002,273,
2016003,159,
2016004,671,
2016005,581,
2016006,709,
2016007,952,
2016008,583,
2016009,353,
2016010,802,
2016011,815,
2016012,180,
2016013,324,
2016014,938,
2016015,349,
2016016,447,
2016017,531,
2016018,563,
2016019,278,
2016020,521,
2016021,699,
2016022,916,
2016023,729,
2016024,624,
2016025,110,
2016026,324,
2016027,280,
2016028,416,
2016029,026,
2016030,293,
2016031,592,
2016032,778,
2016033,387,
2016034,606,
2016035,981,
2016036,968,
2016037,468,
2016038,960,
2016039,248,
2016040,143,
2016041,519,
2016042,701,
2016043,557,
2016044,010,
2016045,692,
2016046,383,
2016047,606,
2016048,851,
2016049,739,
2016050,731,
2016051,528,
2016052,641,
2016053,949,
2016054,328,
2016055,553,
2016056,941,
2016057,543,
2016058,126,
2016059,741,
2016060,039,
2016061,754,
2016062,803,
2016063,356,
2016064,062,
2016065,450,
2016066,181,
2016067,001,
2016068,075,
2016069,643,
2016070,896,
2016071,650,
2016072,020,
2016073,815,
2016074,777,
2016075,845,
2016076,644,
2016077,717,
2016078,908,
2016079,075,
2016080,261,
2016081,635,
2016082,640,
2016083,289,
2016084,282,
2016085,967,
2016086,249,
2016087,099,
2016088,473,
2016089,111,
2016090,954,
2016091,405,
2016092,875,
2016093,622,
2016094,824,
2016095,704,
2016096,348,
2016097,532,
2016098,414,
2016099,217,
2016100,551,
2016101,061,
2016102,282,
2016103,126,
2016104,900,
2016105,699,
2016106,043,
2016107,238,
2016108,480,
2016109,100,
2016110,650,
2016111,336,
2016112,340,
2016113,679,
2016114,981,
2016115,631,
2016116,425,
2016117,326,
2016118,703,
2016119,308,
2016120,936,
2016121,843,
2016122,762,
2016123,708,
2016124,914,
2016125,594,
2016126,134,
2016127,957,
2016128,123,
2016129,641,
2016130,862,
2016131,753,
2016132,453,
2016133,691,
2016134,107,
2016135,732,
2016136,619,
2016137,393,
2016138,560,
2016139,250,
2016140,787,
2016141,688,
2016142,435,
2016143,503,
2016144,625,
2016145,941,
2016146,761,
2016147,989,
2016148,813,
2016149,753,
2016150,912,
2016151,336,
2016152,498,
2016153,174,
2016154,839,
2016155,784,
2016156,278,
2016157,151,
2016158,920,
2016159,691,
2016160,017,
2016161,041,
2016162,634,
2016163,033,
2016164,273,
2016165,041,
2016166,396,
2016167,249,
2016168,119,
2016169,706,
2016170,909,
2016171,598,
2016172,323,
2016173,695,
2016174,007,
2016175,641,
2016176,712,
2016177,195,
2016178,244,
2016179,387,
2016180,659,
2016181,869,
2016182,489,
2016183,695,
2016184,703,
2016185,380,
2016186,618,
2016187,139,
2016188,099,
2016189,790,
2016190,823,
2016191,308,
2016192,661,
2016193,695,
2016194,407,
2016195,610,
2016196,907,
2016197,915,
2016198,303,
2016199,347,
2016200,932,
2016201,320,
2016202,784,
2016203,975,
2016204,329,
2016205,499,
2016206,173,
2016207,596,
2016208,950,
2016209,023,
2016210,279,
2016211,634,
2016212,038,
2016213,173,
2016214,942,
2016215,144,
2016216,334,
2016217,038,
2016218,233,
2016219,410,
2016220,367,
2016221,808,
2016222,404,
2016223,297,
2016224,278,
2016225,212,
2016226,289,
2016227,698,
2016228,188,
2016229,378,
2016230,497,
2016231,458,
2016232,132,
2016233,694,
2016234,204,
2016235,554,
2016236,891,
2016237,531,
2016238,037,
2016239,560,
2016240,087,
2016241,499,
2016242,395,
2016243,446,
2016244,699,
2016245,760,
2016246,319,
2016247,441,
2016248,139,
2016249,109,
2016250,416,
2016251,860,
2016252,052,
2016253,265,
2016254,564,
2016255,451,
2016256,628,
2016257,976,
2016258,266,
2016259,328,
2016260,061,
2016261,049,
2016262,659,
2016263,489,
2016264,898,
2016265,525,
2016266,914,
2016267,989,
2016268,105,
2016269,860,
2016270,411,
2016271,443,
2016272,373,
2016273,565,
2016274,883,
2016275,874,
2016276,277,
2016277,085,
2016278,435,
2016279,624,
2016280,378,
2016281,998,
2016282,626,
2016283,740,
2016284,143,
2016285,848,
2016286,907,
2016287,621,
2016288,010,
2016289,359,
2016290,430,
2016291,137,
2016292,507,
2016293,326,
2016294,334,
2016295,789,
2016296,784,
2016297,160,
2016298,651,
2016299,045,
2016300,805,
2016301,572,
2016302,656,
2016303,801,
2016304,856,
2016305,744,
2016306,073,
2016307,997,
2016308,743,
2016309,830,
2016310,045,
2016311,398,
2016312,113,
2016313,373,
2016314,157,
2016315,888,
2016316,774,
2016317,243,
2016318,470,
2016319,557,
2016320,529,
2016321,832,
2016322,153,
2016323,877,
2016324,663,
2016325,961,
2016326,690,
2016327,831,
2016328,709,
2016329,244,
2016330,318,
2016331,983,
2016332,776,
2016333,054,
2016334,189,
2016335,550,
2016336,097,
2016337,299,
2016338,301,
2016339,262,
2016340,493,
2016341,151,
2016342,448,
2016343,225,
2016344,367,
2016345,559,
2016346,029,
2016347,806,
2016348,289,
2016349,049,
2016350,383,
2016351,818,
2016352,016,
2016353,084,
2016354,428,
2016355,942,
2016356,125,
2016357,415,
2016358,110,
2016359,883,
2017001,369,
2017002,779,
2017003,650,
2017004,317,
2017005,246,
2017006,888,
2017007,783,
2017008,169,
2017009,202,
2017010,976,
2017011,909,
2017012,125,
2017013,582,
2017014,221,
2017015,950,
2017016,469,
2017017,817,
2017018,315,
2017019,606,
2017020,893,
2017021,854,
2017022,028,
2017023,250,
2017024,709,
2017025,359,
2017026,259,
2017027,873,
2017028,193,
2017029,272,
2017030,107,
2017031,376,
2017032,237,
2017033,114,
2017034,348,
2017035,624,
2017036,650,
2017037,897,
2017038,134,
2017039,395,
2017040,899,
2017041,480,
2017042,000,
2017043,050,
2017044,861,
2017045,679,
2017046,570,
2017047,945,
2017048,557,
2017049,036,
2017050,278,
2017051,702,
2017052,731,
2017053,652,
2017054,754,
2017055,276,
2017056,102,
2017057,242,
2017058,262,
2017059,143,
2017060,868,
2017061,454,
2017062,975,
2017063,864,
2017064,158,
2017065,577,
2017066,322,
2017067,644,
2017068,910,
2017069,518,
2017070,231,
2017071,882,
2017072,174,
2017073,075,
2017074,576,
2017075,787,
2017076,074,
2017077,020,
2017078,449,
2017079,487,
2017080,735,
2017081,129,
2017082,625,
2017083,105,
2017084,822,
2017085,560,
2017086,697,
2017087,377,
2017088,366,
2017089,518,
2017090,390,
2017091,341,
2017092,305,
2017093,840,
2017094,573,
2017095,593,
2017096,470,
2017097,749,
2017098,407,
2017099,046,
2017100,596,
2017101,809,
2017102,698,
2017103,350,
2017104,524,
2017105,421,
2017106,936,
2017107,725,
2017108,557,
2017109,488,
2017110,266,
2017111,331,
2017112,695,
2017113,745,
2017114,167,
2017115,160,
2017116,814,
2017117,731,
2017118,605,
2017119,509,
2017120,284,
2017121,439,
2017122,045,
2017123,008,
2017124,015,
2017125,878,
2017126,499,
2017127,623,
2017128,055,
2017129,566,
2017130,676,
2017131,482,
2017132,556,
2017133,920,
2017134,359,
2017135,077,
2017136,888,
2017137,119,
2017138,181,
2017139,695,
2017140,614,
2017141,115,
2017142,877,
2017143,698,
2017144,585,
2017145,945,
2017146,549,
2017147,299,
2017148,739,
2017149,739,
2017150,113,
2017151,076,
2017152,707,
2017153,608,
2017154,363,
2017155,935,
2017156,248,
2017157,173,
2017158,285,
2017159,872,
2017160,210,
2017161,797,
2017162,398,
2017163,008,
2017164,312,
2017165,333,
2017166,496,
2017167,471,
2017168,136,
2017169,854,
2017170,881,
2017171,346,
2017172,558,
2017173,694,
2017174,414,
2017175,001,
2017176,276,
2017177,975,
2017178,744,
2017179,159,
2017180,364,
2017181,569,
2017182,148,
2017183,994,
2017184,899,
2017185,228,
2017186,033,
2017187,613,
2017188,741,
2017189,562,
2017190,883,
2017191,567,
2017192,406,
2017193,352,
2017194,466,
2017195,686,
2017196,174,
2017197,681,
2017198,703,
2017199,367,
2017200,827,
2017201,358,
2017202,996,
2017203,070,
2017204,053,
2017205,770,
2017206,344,
2017207,331,
2017208,822,
2017209,354,
2017210,256,
2017211,124,
2017212,716,
2017213,986,
2017214,313,
2017215,369,
2017216,063,
2017217,812,
2017218,911,
2017219,513,
2017220,287,
2017221,857,
2017222,731,
2017223,778,
2017224,265,
2017225,801,
2017226,903,
2017227,885,
2017228,535,
2017229,707,
2017230,598,
2017231,748,
2017232,091,
2017233,952,
2017234,895,
2017235,362,
2017236,937,
2017237,135,
2017238,517,
2017239,389,
2017240,591,
2017241,664,
2017242,237,
2017243,751,
2017244,048,
2017245,284,
2017246,778,
2017247,370,
2017248,856,
2017249,302,
2017250,142,
2017251,951,
2017252,387,
2017253,326,
2017254,639,
2017255,521,
2017256,362,
2017257,234,
2017258,361,
2017259,481,
2017260,095,
2017261,686,
2017262,912,
2017263,672,
2017264,933,
2017265,372,
2017266,203,
2017267,770,
2017268,578,
2017269,938,
2017270,135,
2017271,428,
2017272,934,
2017273,267,
2017274,944,
2017275,898,
2017276,887,
2017277,557,
2017278,902,
2017279,453,
2017280,658,
2017281,609,
2017282,568,
2017283,355,
2017284,131,
2017285,434,
2017286,512,
2017287,285,
2017288,300,
2017289,236,
2017290,285,
2017291,765,
2017292,715,
2017293,669,
2017294,757,
2017295,723,
2017296,959,
2017297,462,
2017298,218,
2017299,921,
2017300,050,
2017301,391,
2017302,241,
2017303,497,
2017304,109,
2017305,420,
2017306,817,
2017307,517,
2017308,710,
2017309,879,
2017310,136,
2017311,979,
2017312,114,
2017313,232,
2017314,300,
2017315,791,
2017316,723,
2017317,771,
2017318,856,
2017319,105,
2017320,543,
2017321,188,
2017322,419,
2017323,280,
2017324,637,
2017325,406,
2017326,490,
2017327,351,
2017328,030,
2017329,913,
2017330,430,
2017331,782,
2017332,804,
2017333,442,
2017334,905,
2017335,705,
2017336,775,
2017337,444,
2017338,901,
2017339,853,
2017340,714,
2017341,162,
2017342,960,
2017343,861,
2017344,698,
2017345,173,
2017346,861,
2017347,666,
2017348,311,
2017349,537,
2017350,726,
2017351,109,
2017352,855,
2017353,094,
2017354,294,
2017355,031,
2017356,647,
2017357,665,
2017358,612,
2018001,326,
2018002,928,
2018003,736,
2018004,393,
2018005,828,
2018006,720,
2018007,021,
2018008,583,
2018009,813,
2018010,858,
2018011,078,
2018012,891,
2018013,746,
2018014,084,
2018015,875,
2018016,401,
2018017,659,
2018018,810,
2018019,179,
2018020,749,
2018021,272,
2018022,992,
2018023,102,
2018024,664,
2018025,647,
2018026,932,
2018027,973,
2018028,828,
2018029,313,
2018030,682,
2018031,328,
2018032,712,
2018033,767,
2018034,676,
2018035,856,
2018036,365,
2018037,695,
2018038,859,
2018039,706,
2018040,684,
2018041,651,
2018042,131,
2018043,527,
2018044,902,
2018045,203,
2018046,347,
2018047,558,
2018048,693,
2018049,541,
2018050,875,
2018051,620,
2018052,369,
2018053,154,
2018054,325,
2018055,160,
2018056,908,
2018057,977,
2018058,723,
2018059,947,
2018060,767,
2018061,525,
2018062,792,
2018063,613,
2018064,339,
2018065,848,
2018066,095,
2018067,858,
2018068,448,
2018069,119,
2018070,567,
2018071,779,
2018072,473,
2018073,275,
2018074,815,
2018075,861,
2018076,785,
2018077,246,
2018078,616,
2018079,369,
2018080,879,
2018081,758,
2018082,549,
2018083,266,
2018084,519,
2018085,903,
2018086,186,
2018087,513,
2018088,099,
2018089,668,
2018090,671,
2018091,102,
2018092,231,
2018093,209,
2018094,136,
2018095,241,
2018096,243,
2018097,038,
2018098,665,
2018099,919,
2018100,270,
2018101,345,
2018102,573,
2018103,222,
2018104,717,
2018105,847,
2018106,336,
2018107,663,
2018108,692,
2018109,218,
2018110,940,
2018111,720,
2018112,955,
2018113,615,
2018114,441,
2018115,999,
2018116,003,
2018117,043,
2018118,930,
2018119,978,
2018120,498,
2018121,761,
2018122,181,
2018123,906,
2018124,689,
2018125,832,
2018126,361,
2018127,020,
2018128,033,
2018129,356,
2018130,245,
2018131,297,
2018132,966,
2018133,691,
2018134,617,
2018135,698,
2018136,643,
2018137,537,
2018138,068,
2018139,447,
2018140,133,
2018141,536,
2018142,937,
2018143,454,
2018144,091,
2018145,386,
2018146,569,
2018147,636,
2018148,087,
2018149,923,
2018150,335,
2018151,514,
2018152,258,
2018153,329,
2018154,669,
2018155,289,
2018156,324,
2018157,022,
2018158,363,
2018159,340,
2018160,477,
2018161,794,
2018162,137,
2018163,869,
2018164,157,
2018165,902,
2018166,941,
2018167,489,
2018168,174,
2018169,530,
2018170,117,
2018171,819,
2018172,513,
2018173,463,
2018174,886,
2018175,338,
2018176,235,
2018177,102,
2018178,336,
2018179,724,
2018180,761,
2018181,498,
2018182,329,
2018183,359,
2018184,473,
2018185,570,
2018186,141,
2018187,807,
2018188,048,
2018189,760,
2018190,556,
2018191,503,
2018192,893,
2018193,061,
2018194,375,
2018195,736,
2018196,005,
2018197,150,
2018198,379,
2018199,510,
2018200,350,
2018201,615,
2018202,614,
2018203,045,
2018204,042,
2018205,418,
2018206,626,
2018207,756,
2018208,452,
2018209,950,
2018210,829,
2018211,628,
2018212,578,
2018213,203,
2018214,881,
2018215,425,
2018216,821,
2018217,587,
2018218,697,
2018219,391,
2018220,648,
2018221,014,
2018222,173,
2018223,499,
2018224,030,
2018225,160,
2018226,967,
2018227,977,
2018228,470,
2018229,556,
2018230,750,
2018231,629,
2018232,715,
2018233,579,
2018234,953,
2018235,828,
2018236,642,
2018237,631,
2018238,720,
2018239,749,
2018240,506,
2018241,215,
2018242,623,
2018243,639,
2018244,364,
2018245,351,
2018246,603,
2018247,626,
2018248,251,
2018249,636,
2018250,551,
2018251,983,
2018252,067,
2018253,098,
2018254,657,
2018255,289,
2018256,087,
2018257,094,
2018258,300,
2018259,010,
2018260,474,
2018261,809,
2018262,532,
2018263,813,
2018264,004,
2018265,648,
2018266,621,
2018267,001,
2018268,728,
2018269,659,
2018270,349,
2018271,536,
2018272,085,
2018273,457,
2018274,557,
2018275,264,
2018276,261,
2018277,709,
2018278,563,
2018279,375,
2018280,669,
2018281,947,
2018282,617,
2018283,558,
2018284,634,
2018285,982,
2018286,691,
2018287,387,
2018288,344,
2018289,954,
2018290,036,
2018291,935,
2018292,922,
2018293,895,
2018294,537,
2018295,513,
2018296,881,
2018297,289,
2018298,111,
2018299,331,
2018300,777,
2018301,926,
2018302,883,
2018303,810,
2018304,340,
2018305,845,
2018306,316,
2018307,837,
2018308,682,
2018309,380,
2018310,347,
2018311,081,
2018312,256,
2018313,289,
2018314,787,
2018315,088,
2018316,708,
2018317,203,
2018318,870,
2018319,216,
2018320,565,
2018321,837,
2018322,130,
2018323,924,
2018324,319,
2018325,061,
2018326,454,
2018327,432,
2018328,481,
2018329,165,
2018330,171,
2018331,108,
2018332,388,
2018333,288,
2018334,349,
2018335,407,
2018336,906,
2018337,731,
2018338,178,
2018339,774,
2018340,798,
2018341,799,
2018342,497,
2018343,052,
2018344,397,
2018345,692,
2018346,186,
2018347,513,
2018348,469,
2018349,821,
2018350,322,
2018351,156,
2018352,542,
2018353,589,
2018354,609,
2018355,787,
2018356,611,
2018357,147,
2018358,329,
2019001,644,
2019002,272,
2019003,435,
2019004,118,
2019005,501,
2019006,755,
2019007,370,
2019008,587,
2019009,746,
2019010,538,
2019011,266,
2019012,131,
2019013,910,
2019014,794,
2019015,230,
2019016,683,
2019017,559,
2019018,142,
2019019,797,
2019020,428,
2019021,088,
2019022,173,
2019023,767,
2019024,637,
2019025,237,
2019026,594,
2019027,301,
2019028,741,
2019029,546,
2019030,280,
2019031,793,
2019032,161,
2019033,207,
2019034,667,
2019035,888,
2019036,434,
2019037,756,
2019038,988,
2019039,754,
2019040,754,
2019041,428,
2019042,579,
2019043,096,
2019044,020,
2019045,357,
2019046,145,
2019047,923,
2019048,326,
2019049,801,
2019050,948,
2019051,013,
2019052,527,
2019053,136,
2019054,849,
2019055,128,
2019056,639,
2019057,760,
2019058,020,
2019059,140,
2019060,411,
2019061,094,
2019062,408,
2019063,971,
2019064,587,
2019065,032,
2019066,308,
2019067,488,
2019068,441,
2019069,876,
2019070,798,
2019071,006,
2019072,521,
2019073,330,
2019074,265,
2019075,012,
2019076,005,
2019077,972,
2019078,046,
2019079,539,
2019080,341,
2019081,431,
2019082,871,
2019083,982,
2019084,978,
2019085,505,
2019086,283,
2019087,174,
2019088,936,
2019089,450,
2019090,789,
2019091,526,
2019092,630,
2019093,258,
2019094,891,
2019095,935,
2019096,066,
2019097,243,
2019098,087,
2019099,738,
2019100,487,
2019101,559,
2019102,559,
2019103,750,
2019104,593,
2019105,382,
2019106,040,
2019107,177,
2019108,515,
2019109,136,
2019110,612,
2019111,716,
2019112,922,
2019113,238,
2019114,558,
2019115,466,
2019116,047,
2019117,296,
2019118,418,
2019119,249,
2019120,900,
2019121,608,
2019122,865,
2019123,157,
2019124,211,
2019125,081,
2019126,470,
2019127,758,
2019128,980,
2019129,504,
2019130,298,
2019131,031,
2019132,787,
2019133,219,
2019134,394,
2019135,789,
2019136,670,
2019137,347,
2019138,331,
2019139,849,
2019140,276,
2019141,315,
2019142,792,
2019143,471,
2019144,388,
2019145,315,
2019146,013,
2019147,470,
2019148,362,
2019149,350,
2019150,258,
2019151,347,
2019152,051,
2019153,326,
2019154,632,
2019155,050,
2019156,879,
2019157,626,
2019158,708,
2019159,170,
2019160,135,
2019161,972,
2019162,033,
2019163,894,
2019164,951,
2019165,883,
2019166,531,
2019167,813,
2019168,061,
2019169,060,
2019170,578,
2019171,661,
2019172,416,
2019173,846,
2019174,848,
2019175,464,
2019176,501,
2019177,061,
2019178,796,
2019179,402,
2019180,926,
2019181,168,
2019182,351,
2019183,729,
2019184,060,
2019185,194,
2019186,157,
2019187,112,
2019188,446,
2019189,317,
2019190,464,
2019191,287,
2019192,746,
2019193,943,
2019194,550,
2019195,734,
2019196,853,
2019197,544,
2019198,594,
2019199,003,
2019200,014,
2019201,941,
2019202,249,
2019203,140,
2019204,390,
2019205,500,
2019206,879,
2019207,924,
2019208,674,
2019209,306,
2019210,371,
2019211,123,
2019212,786,
2019213,245,
2019214,780,
2019215,487,
2019216,408,
2019217,361,
2019218,532,
2019219,475,
2019220,010,
2019221,484,
2019222,155,
2019223,405,
2019224,043,
2019225,601,
2019226,252,
2019227,265,
2019228,054,
2019229,845,
2019230,887,
2019231,110,
2019232,789,
2019233,610,
2019234,340,
2019235,770,
2019236,219,
2019237,959,
2019238,217,
2019239,138,
2019240,664,
2019241,608,
2019242,691,
2019243,682,
2019244,575,
2019245,812,
2019246,615,
2019247,670,
2019248,262,
2019249,719,
2019250,575,
2019251,050,
2019252,831,
2019253,281,
2019254,575,
2019255,263,
2019256,018,
2019257,010,
2019258,103,
2019259,989,
2019260,997,
2019261,591,
2019262,103,
2019263,949,
2019264,987,
2019265,999,
2019266,985,
2019267,898,
2019268,373,
2019269,417,
2019270,478,
2019271,695,
2019272,007,
2019273,134,
2019274,493,
2019275,497,
2019276,873,
2019277,046,
2019278,842,
2019279,266,
2019280,061,
2019281,980,
2019282,858,
2019283,444,
2019284,562,
2019285,059,
2019286,293,
2019287,715,
2019288,758,
2019289,362,
2019290,328,
2019291,882,
2019292,068,
2019293,663,
2019294,612,
2019295,877,
2019296,345,
2019297,956,
2019298,335,
2019299,328,
2019300,936,
2019301,109,
2019302,426,
2019303,909,
2019304,465,
2019305,439,
2019306,153,
2019307,036,
2019308,672,
2019309,341,
2019310,765,
2019311,248,
2019312,031,
2019313,048,
2019314,594,
2019315,983,
2019316,885,
2019317,548,
2019318,232,
2019319,333,
2019320,588,
2019321,853,
2019322,044,
2019323,170,
2019324,432,
2019325,798,
2019326,545,
2019327,242,
2019328,125,
2019329,047,
2019330,265,
2019331,883,
2019332,776,
2019333,536,
2019334,000,
2019335,677,
2019336,665,
2019337,959,
2019338,914,
2019339,602,
2019340,051,
2019341,802,
2019342,789,
2019343,538,
2019344,704,
2019345,511,
2019346,472,
2019347,348,
2019348,822,
2019349,878,
2019350,290,
2019351,852,
2020001,087,
2020002,337,
2020003,004,
2020004,807,
2020005,804,
2020006,296,
2020007,496,
2020008,602,
2020009,574,
2020010,389,
2020011,397,
2020012,705,
2020013,447,
2020014,137,
2020015,586,
2020016,251,
2020017,434,
2020018,623,
2020019,049,
2020020,296,
2020021,901,
2020022,485,
2020023,511,
2020024,827,
2020025,143,
2020026,885,
2020027,231,
2020028,265,
2020029,042,
2020030,037,
2020031,818,
2020032,794,
2020033,116,
2020034,531,
2020035,776,
2020036,740,
2020037,683,
2020038,392,
2020039,472,
2020040,900,
2020041,879,
2020042,034,
2020043,567,
2020044,227,
2020045,234,
2020046,822,
2020047,874,
2020048,997,
2020049,297,
2020050,314,
2020051,221,
2020052,503,
2020053,430,
2020054,978,
2020055,468,
2020056,462,
2020057,880,
2020058,902,
2020059,948,
2020060,828,
2020061,535,
2020062,902,
2020063,663,
2020064,853,
2020065,294,
2020066,219,
2020067,942,
2020068,153,
2020069,260,
2020070,835,
2020071,059,
2020072,921,
2020073,685,
2020074,079,
2020075,276,
2020076,082,
2020077,020,
2020078,597,
2020079,570,
2020080,662,
2020081,148,
2020082,191,
2020083,440,
2020084,612,
2020085,336,
2020086,516,
2020087,114,
2020088,746,
2020089,577,
2020090,575,
2020091,088,
2020092,497,
2020093,124,
2020094,911,
2020095,740,
2020096,666,
2020097,840,
2020098,292,
2020099,681,
2020100,668,
2020101,298,
2020102,786,
2020103,872,
2020104,397,
2020105,198,
2020106,964,
2020107,856,
2020108,155,
2020109,818,
2020110,450,
2020111,220,
2020112,503,
2020113,524,
2020114,737,
2020115,036,
2020116,008,
2020117,721,
2020118,297,
2020119,125,
2020120,109,
2020121,870,
2020122,384,
2020123,015,
2020124,185,
2020125,749,
2020126,915,
2020127,885,
2020128,868,
2020129,360,
2020130,455,
2020131,053,
2020132,649,
2020133,276,
2020134,884,
2020135,569,
2020136,746,
2020137,994,
2020138,020,
2020139,950,
2020140,481,
2020141,805,
2020142,899,
2020143,086,
2020144,869,
2020145,109,
2020146,535,
2020147,086,
2020148,981,
2020149,391,
2020150,612,
2020151,788,
2020152,704,
2020153,916,
2020154,886,
2020155,993,
2020156,112,
2020157,200,
2020158,320,
2020159,915,
2020160,593,
2020161,688,
2020162,810,
2020163,804,
2020164,769,
2020165,910,
2020166,808,
2020167,641,
2020168,215,
2020169,965,
2020170,942,
2020171,710,
2020172,769,
2020173,909,
2020174,687,
2020175,304,
2020176,933,
2020177,137,
2020178,205,
2020179,660,
2020180,644,
2020181,227,
2020182,845,
2020183,549,
2020184,011,
2020185,163,
2020186,903,
2020187,612,
2020188,465,
2020189,625,
2020190,733,
2020191,641,
2020192,708,
2020193,933,
2020194,941,
2020195,243,
2020196,471,
2020197,784,
2020198,832,
2020199,567,
2020200,602,
2020201,942,
2020202,482,
2020203,100,
2020204,126,
2020205,993,
2020206,960,
2020207,234,
2020208,202,
2020209,377,
2020210,496,
2020211,241,
2020212,418,
2020213,027,
2020214,651,
2020215,114,
2020216,385,
2020217,679,
2020218,853,
2020219,285,
2020220,973,
2020221,988,
2020222,638,
2020223,421,
2020224,758,
2020225,097,
2020226,830,
2020227,356,
2020228,053,
2020229,121,
2020230,639,
2020231,867,
2020232,281,
2020233,472,
2020234,671,
2020235,341,
2020236,136,
2020237,396,
2020238,334,
2020239,547,
2020240,575,
2020241,112,
2020242,708,
2020243,258,
2020244,433,
2020245,093,
2020246,486,
2020247,428,
2020248,822,
2020249,704,
2020250,863,
2020251,882,
2020252,974,
2020253,755,
2020254,669,
2020255,106,
2020256,844,
2020257,894,
2020258,024,
2020259,240,
2020260,820,
2020261,142,
2020262,706,
2020263,007,
2020264,471,
2020265,746,
2020266,827,
2020267,585,
2020268,087,
2020269,391,
2020270,369,
2020271,550,
2020272,647,
2020273,068,
2020274,891,
2020275,077,
2020276,727,
2020277,102,
2020278,021,
2020279,233,
2020280,200,
2020281,114,
2020282,511,
2020283,984,
2020284,502,
2020285,875,
2020286,628,
2020287,462,
2020288,956,
2020289,086,
2020290,418,
2020291,753,
2020292,941,
2020293,566,
2020294,460,
2020295,702,
2020296,898,
2020297,042,
2020298,624,
2020299,964,
2020300,299,
2020301,471,
2020302,397,
2020303,463,
2020304,658,
2020305,506,
2020306,108,
2020307,789,
2020308,115,
2020309,536,
2020310,611,
2020311,574,
2020312,344,
2020313,538,
2021001,177,
2021002,667,
2021003,113,
2021004,981,
2021005,839,
2021006,733,
2021007,290,
2021008,382,
2021009,626,
2021010,233,
2021011,026,
2021012,906,
2021013,244,
2021014,248,
2021015,697,
2021016,615,
2021017,780,
2021018,125,
2021019,815,
2021020,799,
2021021,401,
2021022,949,
2021023,131,
2021024,030,
2021025,280,
2021026,264,
2021027,472,
2021028,381,
2021029,150,
2021030,694,
2021031,019,
2021032,072,
2021033,852,
2021034,796,
2021035,021,
2021036,011,
2021037,070,
2021038,685,
2021039,746,
2021040,729,
2021041,361,
2021042,061,
2021043,936,
2021044,323,
2021045,454,
2021046,791,
2021047,683,
2021048,400,
2021049,747,
2021050,193,
2021051,960,
2021052,329,
2021053,869,
2021054,437,
2021055,245,
2021056,985,
2021057,565,
2021058,784,
2021059,581,
2021060,857,
2021061,305,
2021062,130,
2021063,811,
2021064,491,
2021065,805,
2021066,761,
2021067,608,
2021068,658,
2021069,772,
2021070,376,
2021071,914,
2021072,400,
2021073,678,
2021074,237,
2021075,757,
2021076,954,
2021077,853,
2021078,079,
2021079,167,
2021080,128,
2021081,340,
2021082,067,
2021083,131,
2021084,766,
2021085,235,
2021086,432,
2021087,902,
2021088,144,
2021089,383,
2021090,137,
2021091,045,
2021092,705,
2021093,333,
2021094,699,
2021095,989,
2021096,244,
2021097,168,
2021098,014,
2021099,098,
2021100,877,
2021101,145,
2021102,019,
2021103,512,
2021104,385,
2021105,589,
2021106,872,
2021107,782,
2021108,053,
2021109,183,
2021110,312,
2021111,271,
2021112,349,
2021113,012,
2021114,577,
2021115,231,
2021116,161,
2021117,079,
2021118,550,
2021119,859,
2021120,450,
2021121,801,
2021122,401,
2021123,748,
2021124,407,
2021125,942,
2021126,641,
2021127,606,
2021128,173,
2021129,816,
2021130,198,
2021131,055,
2021132,688,
2021133,160,
2021134,456,
2021135,081,
2021136,888,
2021137,070,
2021138,954,
2021139,800,
2021140,395,
2021141,070,
2021142,967,
2021143,232,
2021144,258,
2021145,176,
2021146,858,
2021147,198,
2021148,945,
2021149,972,
2021150,862,
2021151,161,
2021152,712,
2021153,411,
2021154,043,
2021155,089,
2021156,433,
2021157,807,
2021158,307,
2021159,723,
2021160,895,
2021161,299,
2021162,887,
2021163,665,
2021164,125,
2021165,837,
2021166,873,
2021167,126,
2021168,645,
2021169,042,
2021170,184,
2021171,366,
2021172,276,
2021173,023,
2021174,676,
2021175,132,
2021176,213,
2021177,693,
2021178,716,
2021179,994,
2021180,144,
2021181,371,
2021182,472,
2021183,546,
2021184,497,
2021185,938,
2021186,271,
2021187,740,
2021188,450,
2021189,380,
2021190,036,
2021191,871,
2021192,647,
2021193,066,
2021194,447,
2021195,752,
2021196,407,
2021197,053,
2021198,121,
2021199,131,
2021200,258,
2021201,872,
2021202,601,
2021203,920,
2021204,945,
2021205,813,
2021206,452,
2021207,144,
2021208,283,
2021209,396,
2021210,797,
2021211,276,
2021212,258,
2021213,950,
2021214,144,
2021215,189,
2021216,765,
2021217,216,
2021218,730,
2021219,921,
2021220,023,
2021221,929,
2021222,372,
2021223,184,
2021224,010,
2021225,498,
2021226,486,
2021227,490,
2021228,045,
2021229,708,
2021230,764,
2021231,026,
2021232,437,
2021233,904,
2021234,561,
2021235,254,
2021236,686,
2021237,724,
2021238,194,
2021239,930,
2021240,311,
2021241,262,
2021242,564,
2021243,327,
2021244,417,
2021245,447,
2021246,091,
2021247,121,
2021248,050,
2021249,448,
2021250,872,
2021251,133,
2021252,210,
2021253,203,
2021254,160,
2021255,167,
2021256,904,
2021257,819,
2021258,946,
2021259,930,
2021260,720,
2021261,293,
2021262,548,
2021263,194,
2021264,872,
2021265,700,
2021266,073,
2021267,175,
2021268,128,
2021269,275,
2021270,603,
2021271,843,
2021272,985,
2021273,197,
2021274,987,
2021275,258,
2021276,719,
2021277,453,
2021278,598,
2021279,915,
2021280,276,
2021281,235,
2021282,506,
2021283,599,
2021284,610,
2021285,447,
2021286,080,
2021287,453,
2021288,330,
2021289,830,
2021290,658,
2021291,795,
2021292,954,
2021293,356,
2021294,542,
2021295,251,
2021296,584,
2021297,893,
2021298,285,
2021299,580,
2021300,576,
2021301,521,
2021302,432,
2021303,632,
2021304,609,
2021305,207,
2021306,774,
2021307,486,
2021308,180,
2021309,722,
2021310,456,
2021311,958,
2021312,698,
2021313,938,
2021314,020,
2021315,755,
2021316,516,
2021317,143,
2021318,489,
2021319,886,
2021320,369,
2021321,397,
2021322,500,
2021323,754,
2021324,886,
2021325,515,
2021326,970,
2021327,935,
2021328,300,
2021329,286,
2021330,744,
2021331,122,
2021332,500,
2021333,494,
2021334,692,
2021335,493,
2021336,650,
2021337,889,
2021338,490,
2021339,267,
2021340,287,
2021341,606,
2021342,312,
2021343,793,
2021344,611,
2021345,935,
2021346,266,
2021347,594,
2021348,184,
2021349,106,
2021350,038,
2021351,747,
2022001,349,
2022002,927,
2022003,010,
2022004,739,
2022005,240,
2022006,887,
2022007,921,
2022008,498,
2022009,601,
2022010,982,
2022011,379,
2022012,952,
2022013,528,
2022014,462,
2022015,786,
2022016,285,
2022017,348,
2022018,755,
2022019,244,
2022020,816,
2022021,192,
2022022,743,
2022023,874,
2022024,472,
2022025,579,
2022026,141,
2022027,877,
2022028,086,
2022029,578,
2022030,561,
2022031,664,
2022032,500,
2022033,744,
2022034,689,
2022035,059,
2022036,641,
2022037,536,
2022038,083,
2022039,787,
2022040,977,
2022041,184,
2022042,702,
2022043,404,
2022044,169,
2022045,822,
2022046,875,
2022047,882,
2022048,225,
2022049,026,
2022050,982,
2022051,573,
2022052,053,
2022053,764,
2022054,585,
2022055,794,
2022056,092,
2022057,546,
2022058,218,
2022059,727,
2022060,543,
2022061,895,
2022062,812,
2022063,991,
2022064,354,
2022065,254,
2022066,968,
2022067,998,
2022068,569,
2022069,730,
2022070,618,
2022071,935,
2022072,783,
2022073,014,
2022074,759,
2022075,660,
2022076,091,
2022077,986,
2022078,398,
2022079,210,
2022080,723,
2022081,838,
2022082,505,
2022083,465,
2022084,797,
2022085,654,
2022086,204,
2022087,069,
2022088,261,
2022089,713,
2022090,722,
2022091,367,
2022092,752,
2022093,633,
2022094,198,
2022095,519,
2022096,810,
2022097,304,
2022098,465,
2022099,393,
2022100,666,
2022101,731,
2022102,851,
2022103,958,
2022104,690,
2022105,440,
2022106,507,
2022107,150,
2022108,512,
2022109,865,
2022110,040,
2022111,334,
2022112,245,
2022113,299,
2022114,623,
2022115,928,
2022116,812,
2022117,281,
2022118,260,
2022119,320,
2022120,509,
2022121,765,
2022122,592,
2022123,590,
2022124,901,
2022125,090,
2022126,554,
2022127,256,
2022128,156,
2022129,395,
2022130,462,
2022131,865,
2022132,572,
2022133,920,
2022134,953,
2022135,167,
2022136,562,
2022137,441,
2022138,943,
2022139,121,
2022140,323,
2022141,505,
2022142,883,
2022143,231,
2022144,060,
2022145,150,
2022146,848,
2022147,869,
2022148,775,
2022149,027,
2022150,630,
2022151,443,
2022152,577,
2022153,808,
2022154,234,
2022155,536,
2022156,247,
2022157,429,
2022158,958,
2022159,021,
2022160,949,
2022161,772,
2022162,864,
2022163,532,
2022164,105,
2022165,708,
2022166,487,
2022167,783,
2022168,203,
2022169,719,
2022170,635,
2022171,341,
2022172,324,
2022173,557,
2022174,732,
2022175,737,
2022176,747,
2022177,602,
2022178,387,
2022179,699,
2022180,503,
2022181,872,
2022182,351,
2022183,515,
2022184,485,
2022185,851,
2022186,685,
2022187,502,
2022188,677,
2022189,619,
2022190,181,
2022191,141,
2022192,083,
2022193,729,
2022194,689,
2022195,660,
2022196,603,
2022197,565,
2022198,611,
2022199,508,
2022200,797,
2022201,578,
2022202,652,
2022203,151,
2022204,525,
2022205,936,
2022206,290,
2022207,097,
2022208,408,
2022209,167,
2022210,392,
2022211,131,
2022212,560,
2022213,753,
2022214,282,
2022215,146,
2022216,765,
2022217,069,
2022218,117,
2022219,792,
2022220,006,
2022221,733,
2022222,893,
2022223,230,
2022224,008,
2022225,410,
2022226,426,
2022227,654,
2022228,640,
2022229,960,
2022230,660,
2022231,444,
2022232,975,
2022233,973,
2022234,188,
2022235,625,
2022236,336,
2022237,691,
2022238,131,
2022239,109,
2022240,055,
2022241,724,
2022242,327,
2022243,638,
2022244,492,
2022245,060,
2022246,222,
2022247,338,
2022248,197,
2022249,285,
2022250,041,
2022251,883,
2022252,986,
2022253,327,
2022254,356,
2022255,099,
2022256,070,
2022257,092,
2022258,444,
2022259,696,
2022260,280,
2022261,838,
2022262,764,
2022263,289,
2022264,533,
2022265,909,
2022266,410,
2022267,738,
2022268,037,
2022269,643,
2022270,889,
2022271,500,
2022272,531,
2022273,911,
2022274,867,
2022275,020,
2022276,309,
2022277,008,
2022278,128,
2022279,514,
2022280,139,
2022281,622,
2022282,578,
2022283,139,
2022284,230,
2022285,229,
2022286,452,
2022287,512,
2022288,358,
2022289,157,
2022290,299,
2022291,870,
2022292,428,
2022293,072,
2022294,628,
2022295,184,
2022296,305,
2022297,315,
2022298,777,
2022299,411,
2022300,292,
2022301,182,
2022302,754,
2022303,319,
2022304,767,
2022305,315,
2022306,188,
2022307,762,
2022308,087,
2022309,220,
2022310,911,
2022311,923,
2022312,527,
2022313,942,
2022314,714,
2022315,894,
2022316,742,
2022317,775,
2022318,370,
2022319,221,
2022320,409,
2022321,304,
2022322,900,
2022323,331,
2022324,408,
2022325,853,
2022326,954,
2022327,358,
2022328,930,
2022329,477,
2022330,070,
2022331,746,
2022332,417,
2022333,663,
2022334,505,
2022335,259,
2022336,298,
2022337,099,
2022338,720,
2022339,042,
2022340,042,
2022341,841,
2022342,571,
2022343,580,
2022344,648,
2022345,503,
2022346,903,
2022347,357,
2022348,158,
2022349,562,
2022350,688,
2022351,249,
2023001,432,
2023002,850,
2023003,596,
2023004,398,
2023005,609,
2023006,715,
2023007,817,
2023008,708,
2023009,783,
2023010,206,
2023011,666,
2023012,648,
2023013,887,
2023014,322,
2023015,532,
2023016,664,
2023017,053,
2023018,121,
2023019,874,
2023020,845,
2023021,025,
2023022,446,
2023023,527,
2023024,495,
2023025,856,
2023026,514,
2023027,334,
2023028,043,
2023029,923,
2023030,752,
2023031,372,
2023032,139,
2023033,519,
2023034,842,
2023035,104,
2023036,380,
2023037,638,
2023038,845,
2023039,919,
2023040,413,
2023041,133,
2023042,728,
2023043,918,
2023044,811,
2023045,700,
2023046,103,
2023047,159,
2023048,306,
2023049,735,
2023050,602,
2023051,066,
2023052,150,
2023053,310,
2023054,117,
2023055,873,
2023056,156,
2023057,973,
2023058,767,
2023059,059,
2023060,086,
2023061,235,
2023062,732,
2023063,010,
2023064,217,
2023065,573,
2023066,198,
2023067,090,
2023068,799,
2023069,074,
2023070,981,
2023071,295,
2023072,496,
2023073,514,
2023074,184,
2023075,920,
2023076,886,
2023077,450,
2023078,856,
2023079,892,
2023080,884,
2023081,982,
2023082,057,
2023083,870,
2023084,838,
2023085,568,
2023086,143,
2023087,213,
2023088,783,
2023089,134,
2023090,274,
2023091,794,
2023092,888,
2023093,379,
2023094,503,
2023095,063,
2023096,575,
2023097,875,
2023098,117,
2023099,124,
2023100,393,
2023101,654,
2023102,411,
2023103,408,
2023104,398,
2023105,884,
2023106,602,
2023107,065,
2023108,253,
2023109,904,
2023110,905,
2023111,687,
2023112,069,
2023113,586,
2023114,176,
2023115,716,
2023116,619,
2023117,401,
2023118,737,
2023119,112,
2023120,871,
2023121,293,
2023122,412,
2023123,804,
2023124,236,
2023125,007,
2023126,496,
2023127,710,
2023128,507,
2023129,185,
2023130,151,
2023131,210,
2023132,275,
2023133,371,
2023134,463,
2023135,505,
2023136,575,
2023137,666,
2023138,945,
2023139,981,
2023140,757,
2023141,193,
2023142,711,
2023143,495,
2023144,563,
2023145,206,
2023146,942,
2023147,970,
2023148,959,
2023149,922,
2023150,247,
2023151,339,
2023152,165,
2023153,065,
2023154,602,
2023155,285,
2023156,689,
2023157,029,
2023158,750,
2023159,802,
2023160,422,
2023161,314,
2023162,022,
2023163,124,
2023164,891,
2023165,337,
2023166,557,
2023167,216,
2023168,057,
2023169,182,
2023170,427,
2023171,751,
2023172,245,
2023173,730,
2023174,665,
2023175,190,
2023176,888,
2023177,119,
2023178,030,
2023179,737,
2023180,932,
2023181,567,
2023182,702,
2023183,066,
2023184,730,
2023185,667,
2023186,145,
2023187,513,
2023188,280,
2023189,327,
2023190,905,
2023191,768,
2023192,212,
2023193,181,
2023194,168,
2023195,303,
2023196,985,
2023197,586,
2023198,498,
2023199,850,
2023200,314,
2023201,172,
2023202,648,
2023203,346,
2023204,133,
2023205,171,
2023206,222,
2023207,242,
2023208,692,
2023209,796,
2023210,681,
2023211,612,
2023212,444,
2023213,732,
2023214,522,
2023215,308,
2023216,187,
2023217,811,
2023218,071,
2023219,348,
2023220,587,
2023221,503,
2023222,265,
2023223,309,
2023224,447,
2023225,798,
2023226,182,
2023227,206,
2023228,985,
2023229,142,
2023230,787,
2023231,049,
2023232,133,
2023233,928,
2023234,109,
2023235,480,
2023236,680,
2023237,096,
2023238,455,
2023239,731,
2023240,232,
2023241,495,
2023242,486,
2023243,848,
2023244,377,
2023245,768,
2023246,779,
2023247,569,
2023248,049,
2023249,076,
2023250,968,
2023251,503,
2023252,213,
2023253,721,
2023254,283,
2023255,564,
2023256,474,
2023257,694,
2023258,927,
2023259,086,
2023260,547,
2023261,723,
2023262,220,
2023263,335,
2023264,638,
2023265,356,
2023266,113,
2023267,478,
2023268,067,
2023269,665,
2023270,457,
2023271,179,
2023272,058,
2023273,475,
2023274,995,
2023275,739,
2023276,441,
2023277,920,
2023278,809,
2023279,792,
2023280,278,
2023281,684,
2023282,104,
2023283,948,
2023284,393,
2023285,591,
2023286,205,
2023287,309,
2023288,550,
2023289,866,
2023290,833,
2023291,583,
2023292,689,
2023293,810,
2023294,591,
2023295,795,
2023296,491,
2023297,226,
2023298,047,
2023299,920,
2023300,090,
2023301,580,
2023302,618,
2023303,721,
2023304,480,
2023305,682,
2023306,888,
2023307,937,
2023308,594,
2023309,202,
2023310,956,
2023311,271,
2023312,791,
2023313,989,
2023314,228,
2023315,618,
2023316,483,
2023317,131,
2023318,014,
2023319,727,
2023320,375,
2023321,752,
2023322,804,
2023323,269,
2023324,495,
2023325,490,
2023326,371,
2023327,014,
2023328,169,
2023329,573,
2023330,376,
2023331,241,
2023332,161,
2023333,188,
2023334,900,
2023335,111,
2023336,188,
2023337,862,
2023338,477,
2023339,847,
2023340,138,
2023341,227,
2023342,769,
2023343,848,
2023344,968,
2023345,436,
2023346,491,
2023347,560,
2023348,653,
2023349,514,
2023350,771,
2023351,490,
2024001,218,
2024002,669,
2024003,729,
2024004,705,
2024005,806,
2024006,212,
2024007,633,
2024008,423,
2024009,265,
2024010,437,
2024011,927,
2024012,590,
2024013,468,
2024014,251,
2024015,438,
2024016,920,
2024017,659,
2024018,430,
2024019,953,
2024020,868,
2024021,446,
2024022,285,
2024023,247,
2024024,473,
2024025,749,
2024026,149,
2024027,849,
2024028,662,
2024029,094,
2024030,935,
2024031,060,
2024032,995,
2024033,945,
2024034,856,
2024035,045,
2024036,265,
2024037,460,
2024038,676,
2024039,228,
2024040,736,
2024041,315,
2024042,086,
2024043,257,
2024044,363,
2024045,406,
2024046,730,
2024047,420,
2024048,128,
2024049,811,
2024050,634,
2024051,340,
2024052,310,
2024053,478,
2024054,192,
2024055,589,
2024056,542,
2024057,805,
2024058,469,
2024059,758,
2024060,897,
2024061,406,
2024062,377,
2024063,349,
2024064,009,
2024065,469,
2024066,198,
2024067,709,
2024068,642,
2024069,451,
2024070,671,
2024071,213,
2024072,977,
2024073,258,
2024074,041,
2024075,254,
2024076,655,
2024077,336,
2024078,397,
2024079,931,
2024080,775,
2024081,108,
2024082,920,
2024083,899,
2024084,219,
2024085,490,
2024086,532,
2024087,797,
2024088,761,
2024089,457,
2024090,890,
2024091,564,
2024092,071,
2024093,647,
2024094,679,
2024095,257,
2024096,129,
2024097,389,
2024098,620,
2024099,190,
2024100,936,
2024101,594,
2024102,339,
2024103,984,
2024104,579,
2024105,976,
2024106,127,
2024107,062,
2024108,432,
2024109,181,
2024110,506,
2024111,206,
2024112,630,
2024113,242,
2024114,075,
2024115,099,
2024116,851,
2024117,989,
2024118,343,
2024119,508,
2024120,549,
2024121,289,
2024122,708,
2024123,183,
2024124,787,
2024125,649,
2024126,323,
2024127,214,
2024128,573,
2024129,067,
2024130,066,
2024131,069,
2024132,652,
2024133,741,
2024134,640,
2024135,035,
2024136,227,
2024137,982,
2024138,955,
2024139,748,
2024140,536,
2024141,256,
2024142,813,
2024143,955,
2024144,816,
2024145,756,
2024146,180,
2024147,225,
2024148,426,
2024149,153,
2024150,356,
2024151,765,
2024152,848,
2024153,287,
2024154,834,
2024155,411,
2024156,180,
2024157,126,
2024158,821,
2024159,212,
2024160,690,
2024161,468,
2024162,164,
2024163,304,
2024164,354,
2024165,145,
2024166,397,
2024167,220,
2024168,752,
2024169,402,
2024170,225,
2024171,480,
2024172,908,
2024173,449,
2024174,236,
2024175,488,
2024176,108,
2024177,460,
2024178,581,
2024179,005,
2024180,918,
2024181,230,
2024182,884,
2024183,443,
2024184,933,
2024185,306,
2024186,579,
2024187,380,
2024188,956,
2024189,530,
2024190,410,
2024191,382,
2024192,676,
2024193,681,
2024194,137,
2024195,725,
2024196,056,
2024197,224,
2024198,710,
2024199,147,
2024200,309,
2024201,843,
2024202,552,
2024203,172,
2024204,390,
2024205,651,
2024206,818,
2024207,892,
2024208,281,
2024209,676,
2024210,449,
2024211,054,
2024212,089,
2024213,009,
2024214,365,
2024215,483,
2024216,444,
2024217,405,
2024218,467,
2024219,305,
2024220,414,
2024221,103,
2024222,564,
2024223,773,
2024224,560,
2024225,884,
2024226,380,
2024227,312,
2024228,298,
2024229,911,
2024230,497,
2024231,938,
2024232,012,
2024233,397,
2024234,715,
2024235,492,
2024236,512,
2024237,274,
2024238,469,
2024239,524,
2024240,065,
2024241,470,
2024242,623,
2024243,955,
2024244,863,
2024245,741,
2024246,710,
2024247,783,
2024248,861,
2024249,449,
2024250,253,
2024251,156,
2024252,086,
2024253,274,
2024254,409,
2024255,096,
2024256,749,
2024257,199,
2024258,077,
2024259,249,
2024260,926,
2024261,766,
2024262,465,
2024263,292,
2024264,710,
2024265,245,
2024266,390,
2024267,227,
2024268,931,
2024269,388,
2024270,699,
2024271,795,
2024272,275,
2024273,833,
2024274,172,
2024275,827,
2024276,086,
2024277,684,
2024278,221,
2024279,060,
2024280,248,
2024281,900,
2024282,983,
2024283,419,
2024284,342,
2024285,718,
2024286,621,
2024287,192,
2024288,839,
2024289,989,
2024290,911,
2024291,426,
2024292,462,
2024293,521,
2024294,364,
2024295,571,
2024296,816,
2024297,372,
2024298,055,
2024299,949,
2024300,666,
2024301,435,
2024302,516,
2024303,336,
2024304,169,
2024305,966,
2024306,296,
2024307,579,
2024308,654,
2024309,539,
2024310,603,
2024311,067,
2024312,754,
2024313,095,
2024314,672,
2024315,802,
2024316,789,
2024317,386,
2024318,525,
2024319,726,
2024320,778,
2024321,542,
2024322,867,
2024323,536,
2024324,384,
2024325,158,
2024326,722,
2024327,280,
2024328,306,
2024329,910,
2024330,167,
2024331,964,
2024332,765,
2024333,951,
2024334,541,
2024335,593,
2024336,964,
2024337,843,
2024338,977,
2024339,509,
2024340,278,
2024341,371,
2024342,483,
2024343,214,
2024344,305,
2024345,317,
2024346,056,
2024347,392,
2024348,928,
2024349,108,
2024350,672,
2024351,657,
2024352,292,
2025001,703,
2025002,916,
2025003,214,
2025004,634,
2025005,085,
2025006,898,
2025007,141,
2025008,260,
2025009,416,
2025010,333,
2025011,518,
2025012,487,
2025013,606,
2025014,679,
2025015,942,
2025016,104,
2025017,027,
2025018,836,
2025019,710,
2025020,056,
2025021,468,
2025022,638,
2025023,591,
2025024,762,
2025025,486,
2025026,588,
2025027,383,
2025028,409,
2025029,096,
2025030,302,
2025031,379,
2025032,499,
2025033,606,
2025034,261,
2025035,778,
2025036,617,
2025037,131,
2025038,847,
2025039,932,
2025040,428,
2025041,401,
2025042,775,
2025043,475,
2025044,912,
2025045,554,
2025046,490,
2025047,248,
2025048,640,
2025049,004,
2025050,806,
2025051,905,
2025052,585,
2025053,895,
2025054,497,
2025055,368,
2025056,492,
2025057,397,
2025058,405,
2025059,847,
2025060,938,
2025061,476,
2025062,810,
2025063,405,
2025064,928,
2025065,538,
2025066,720,
2025067,385,
2025068,555,
2025069,906,
2025070,748,
2025071,434,
2025072,272,
2025073,778,
2025074,419,
2025075,709,
2025076,781,
2025077,625,
2025078,000,
2025079,657,
2025080,500,
2025081,403,
2025082,417,
2025083,915,
2025084,030,
2025085,338,
2025086,388,
2025087,826,
2025088,022,
2025089,658,
2025090,159,
2025091,135,
2025092,317,
2025093,545,
2025094,649,
2025095,068,
2025096,385,
2025097,542,
2025098,714,
2025099,707,
2025100,953,
2025101,016,
2025102,161,
2025103,370,
2025104,877,
2025105,015,
2025106,752,
2025107,027,
2025108,407,
2025109,841,
2025110,914,
2025111,270,
2025112,954,
2025113,635,
2025114,375,
2025115,206,
2025116,320,
2025117,849,
2025118,621,
2025119,315,
2025120,912,
2025121,120,
2025122,488,
2025123,725,
2025124,809,
2025125,351,
2025126,320,
2025127,431,
2025128,814,
2025129,915,
2025130,204,
2025131,203,
2025132,689,
2025133,645,
2025134,748,
2025135,458,
2025136,113,
2025137,838,
2025138,296,
2025139,598,
2025140,149,
2025141,202,
2025142,916,
2025143,256,
2025144,666,
2025145,267,
2025146,897,
2025147,321,
2025148,838,
2025149,734,
2025150,321,
2025151,718,
2025152,210,
2025153,069,
2025154,923,
2025155,499,
2025156,775,
2025157,969,
2025158,701,
2025159,073,
2025160,503,
2025161,748,
2025162,275,
2025163,636,
2025164,337,
2025165,609,
2025166,808,
2025167,702,
2025168,514,
2025169,978,
2025170,475,
2025171,113,
2025172,406,
2025173,092,
2025174,533,
2025175,616,
2025176,122,
2025177,497,
2025178,728,
2025179,280,
2025180,260,
2025181,886,
2025182,708,
2025183,744,
2025184,799,
2025185,164,
2025186,227,
2025187,761,
2025188,018,
2025189,907,
2025190,402,
2025191,202,
2025192,691,
2025193,876,
2025194,726,
2025195,980,
2025196,734,
2025197,057,
2025198,898,
2025199,943,
2025200,015,
2025201,846,
2025202,953,
2025203,013,
2025204,007,
2025205,920,
2025206,444,
2025207,255,
2025208,432,
2025209,387,
2025210,520,
2025211,897,
2025212,456,
2025213,381,
2025214,920,
2025215,853,
2025216,625,
2025217,894,
2025218,526,
2025219,900,
2025220,536,
2025221,296,
2025222,010,
2025223,736,
2025224,990,
2025225,806,
2025226,180,
2025227,611,
2025228,465,
2025229,108,
2025230,439,
2025231,732,
2025232,044,
2025233,259,
2025234,620,
2025235,969,
2025236,355,
2025237,590,
2025238,860,
2025239,125,
2025240,419,
2025241,160,
2025242,990,
2025243,176,
2025244,673,
2025245,848,
2025246,997,
2025247,262,
2025248,526,
2025249,952,
2025250,902,
2025251,868,
2025252,792,
2025253,457,
2025254,072,
2025255,264,
2025256,406,
2025257,860,
2025258,626,
2025259,625,
2025260,199,
2025261,751,
2025262,914,
2025263,399,
2025264,734,
2025265,546,
2025266,723,
2025267,391,
2025268,674,
2025269,055,
2025270,408,
2025271,727,
2025272,967,
2025273,045,
2025274,596,
2025275,203,
2025276,714,
2025277,061,
2025278,629,
2025279,752,
2025280,411,
2025281,897,
2025282,416,
2025283,664,
2025284,844,
2025285,172,
2025286,827,
2025287,805,
2025288,767,
2025289,473,
2025290,332,
2025291,794,
2025292,117,
2025293,154,
2025294,513,
2025295,273,
2025296,537,
2025297,051,
2025298,544,
2025299,385,
2025300,867,
2025301,755,
2025302,715,
2025303,933,
2025304,471,
2025305,310,
2025306,697,
2025307,164,
2025308,448,
2025309,190,
2025310,169,
2025311,640,
2025312,689,
2025313,644,
2025314,917,
2025315,729,
2025316,775,
2025317,301,
2025318,430,
2025319,294,
2025320,121,
2025321,847,
2025322,226,
2025323,551,
2025324,661,
2025325,165,
2025326,185,
2025327,789,
2025328,040,
2025329,564,
2025330,062,
2025331,050,
2025332,885,
2025333,273,
2025334,198,
2025335,051,
2025336,641,
2025337,876,
2025338,689,
2025339,676,
2025340,130,
2025341,996,
2025342,681,
2025343,645,
2025344,622,
2025345,630,
2025346,897,
2025347,192,
2025348,278,
2025349,743,
2025350,580,
2025351,452,
2026001,298,
2026002,520,
2026003,601,
2026004,019,
2026005,476,
2026006,244,
2026007,353,
2026008,252,
2026009,265,
2026010,667,
2026011,647,
2026012,241,
2026013,513,
2026014,050,
2026015,532,
2026016,582,
2026017,945,
2026018,494,
2026019,223,
2026020,676,
2026021,559,
2026022,678,
2026023,784,
2026024,911,
2026024,477,
2026025,209,
2026026,099,
2026027,126,
2026028,270,
2026029,003,
2026030,134,
2026031,142,
2026032,452,
2026033,119,
2026034,052,
2026035,213,
2026036,762,
2026037,420,
2026038,467,
2026039,450,
2026040,425,
2026041,901,
2026042,854,
2026043,765,
2026044,589,
2026045,181,
2026046,291,
2026047,936,
2026048,612,
2026049,110,
2026050,689,
2026051,302,
2026052,277,
2026053,755,
2026054,217,
2026055,107,
2026056,477,
2026057,264,
2026058,543,
2026059,794,
2026060,943,
2026061,245,
2026062,294,
2026063,517,
2026064,604,
2026065,057,
2026066,934,
2026067,697,
2026068,706,
2026069,908,
2026070,484,
2026071,261,
2026072,245,
2026073,710,
2026074,487,
2026075,816,
2026076,864,
2026077,112,
2026078,049,
2026079,233,
2026080,802,
2026081,827,
2026082,942,
2026083,506,
2026084,456,
2026085,118,
2026086,382,
2026087,911,
2026088,608,
2026089,922,
2026090,816,
2026091,537,
2026092,870,
2026093,518,
2026094,418,
2026095,022,
2026096,689,
2026097,818,
2026098,513,
2026099,877,
2026100,414,
2026101,584,
2026102,420,
2026103,611,
2026104,482,
2026105,631,
2026106,928,
2026107,278,
2026108,671,
2026109,195,
2026110,379,
2026111,863,
2026112,065,
2026113,040,
2026114,864,
2026115,581,
2026116,020,
2026117,411,
2026118,132,
2026119,112,
2026120,734,
2026121,393,
2026122,346,
2026123,200,
2026124,280,
2026125,954,
2026126,846,
2026127,700,
2026128,776,
2026129,023,
2026130,267,
